,symbol,company,price,ignore,start_yr,ignore_error,adj_up_start_schedule_r_75,adj_up_end_schedule_r_75,adj_ups_r_75,adj_downs_r_75,close_ups_r_75,close_downs_r_75,close_up_start_schedule_r_75,close_up_end_schedule_r_75,close_up_percent_avg_r_75,adj_up_start_schedule_r_60,adj_up_end_schedule_r_60,adj_ups_r_60,adj_downs_r_60,close_ups_r_60,close_downs_r_60,close_up_start_schedule_r_60,close_up_end_schedule_r_60,close_up_percent_avg_r_60,adj_up_start_schedule_r_45,adj_up_end_schedule_r_45,adj_ups_r_45,adj_downs_r_45,close_ups_r_45,close_downs_r_45,close_up_start_schedule_r_45,close_up_end_schedule_r_45,close_up_percent_avg_r_45,adj_up_start_schedule_r_30,adj_up_end_schedule_r_30,adj_ups_r_30,adj_downs_r_30,close_ups_r_30,close_downs_r_30,close_up_start_schedule_r_30,close_up_end_schedule_r_30,close_up_percent_avg_r_30,adj_up_start_schedule_r_15,adj_up_end_schedule_r_15,adj_ups_r_15,adj_downs_r_15,close_ups_r_15,close_downs_r_15,close_up_start_schedule_r_15,close_up_end_schedule_r_15,close_up_percent_avg_r_15
0,HYMTF,Hyundai Motor Co,37.25,False,2009.0,,22-Feb,7-May,6.0,6.0,5.0,5.0,21-Feb,6-May,11.24606132,2-Apr,1-Jun,6.0,5.0,6.0,5.0,2-Apr,1-Jun,8.670275423,16-Mar,30-Apr,4.0,7.0,4.0,7.0,16-Mar,30-Apr,11.35480028,4-Apr,4-May,6.0,5.0,6.0,5.0,4-Apr,4-May,9.381072929,8-Apr,23-Apr,7.0,4.0,7.0,4.0,8-Apr,23-Apr,5.806071526
1,HYPMY,Hypera SA,5.820000172,False,2010.0,,12-Nov,26-Jan,5.0,5.0,5.0,5.0,12-Nov,26-Jan,3.388323175,1-Oct,30-Nov,5.0,5.0,5.0,5.0,1-Oct,30-Nov,4.041390392,22-Dec,5-Feb,6.0,4.0,5.0,5.0,22-Dec,5-Feb,4.722013628,29-Sep,29-Oct,6.0,4.0,6.0,4.0,29-Sep,29-Oct,4.443759465,30-Sep,15-Oct,3.0,7.0,2.0,8.0,30-Sep,15-Oct,5.847444107
2,HYFXF,Hyflux Ltd,0.147499993,False,2009.0,,30-Nov,13-Feb,5.0,5.0,6.0,6.0,30-Nov,13-Feb,15.18623599,21-Nov,20-Jan,5.0,6.0,5.0,6.0,21-Nov,20-Jan,9.310347302,4-Dec,18-Jan,5.0,6.0,5.0,6.0,4-Dec,18-Jan,14.83153431,6-Dec,5-Jan,6.0,5.0,6.0,5.0,6-Dec,5-Jan,12.37685978,23-Mar,7-Apr,6.0,5.0,6.0,5.0,23-Mar,7-Apr,11.03129644
3,HYKCF,Hyduke Energy Services Inc,0.01,False,2010.0,,20-May,3-Aug,2.0,2.0,8.0,8.0,20-May,3-Aug,6.73530548,4-Jun,3-Aug,2.0,8.0,2.0,8.0,4-Jun,3-Aug,8.008032623,19-Jun,3-Aug,2.0,8.0,2.0,8.0,19-Jun,3-Aug,8.008032623,20-Jun,20-Jul,2.0,8.0,2.0,8.0,20-Jun,20-Jul,7.68538782,11-Jul,26-Jul,0.0,10.0,0.0,10.0,11-Jul,26-Jul,5.045891042
4,HYDI,Hydromer Inc,1.25999999,False,2009.0,,21-Feb,6-May,4.0,4.0,7.0,7.0,21-Feb,6-May,22.77943425,23-Mar,22-May,4.0,7.0,4.0,7.0,23-Mar,22-May,18.49851204,26-Mar,10-May,5.0,6.0,5.0,6.0,26-Mar,10-May,20.91492147,3-Jul,2-Aug,5.0,6.0,5.0,6.0,3-Jul,2-Aug,15.55486401,27-Feb,13-Mar,3.0,8.0,3.0,8.0,27-Feb,13-Mar,11.63148389
5,HYHY,Hydrogen Hybrid Technologies Inc,0.034000002,False,2009.0,,25-Mar,8-Jun,7.0,7.0,4.0,4.0,25-Mar,8-Jun,-46.40872996,9-Apr,8-Jun,5.0,6.0,5.0,6.0,9-Apr,8-Jun,17.16269821,31-Dec,14-Feb,8.0,3.0,8.0,3.0,31-Dec,14-Feb,52.29761917,19-Apr,19-May,4.0,7.0,4.0,7.0,19-Apr,19-May,2.0622629669999997,24-Jan,8-Feb,4.0,7.0,4.0,7.0,24-Jan,8-Feb,47.82437359
6,HYEG,Hydrogen Engine Center Inc,0.171499997,False,2009.0,,28-Apr,12-Jul,7.0,7.0,4.0,4.0,28-Apr,12-Jul,22.17296633,23-Apr,22-Jun,6.0,5.0,6.0,5.0,23-Apr,22-Jun,20.65829637,28-Apr,12-Jun,6.0,5.0,6.0,5.0,28-Apr,12-Jun,20.93491582,11-Feb,12-Mar,5.0,6.0,5.0,6.0,11-Feb,12-Mar,10.03423948,10-Mar,25-Mar,5.0,6.0,5.0,6.0,10-Mar,25-Mar,10.74869382
7,H,Hyatt Hotels Corp,69.94000244,False,2009.0,,13-Oct,27-Dec,7.0,7.0,4.0,4.0,13-Oct,27-Dec,8.456911903,30-Oct,29-Dec,7.0,4.0,7.0,4.0,30-Oct,29-Dec,7.939554747000001,19-Oct,3-Dec,7.0,4.0,7.0,4.0,19-Oct,3-Dec,5.7430251729999995,13-Oct,12-Nov,5.0,6.0,5.0,6.0,13-Oct,12-Nov,4.5095201860000005,3-Feb,18-Feb,6.0,5.0,6.0,5.0,3-Feb,18-Feb,2.723978411
8,HBP,Huttig Building Products Inc,3.720000029,False,2009.0,,11-Feb,26-Apr,7.0,7.0,4.0,4.0,11-Feb,26-Apr,15.95174634,13-Nov,12-Jan,7.0,4.0,7.0,4.0,13-Nov,12-Jan,14.25223499,16-Mar,30-Apr,6.0,5.0,6.0,5.0,16-Mar,30-Apr,14.90632304,23-Jul,22-Aug,5.0,6.0,5.0,6.0,23-Jul,22-Aug,7.393213912999999,16-Apr,1-May,7.0,4.0,7.0,4.0,16-Apr,1-May,9.999061074
9,HUSQF,Husqvarna AB,10.23999977,False,2009.0,,23-Mar,6-Jun,4.0,4.0,7.0,7.0,12-Nov,26-Jan,2.864807957,27-Mar,26-May,4.0,7.0,4.0,7.0,29-Jun,28-Aug,4.9992675769999995,6-Apr,21-May,4.0,7.0,4.0,7.0,6-Jul,20-Aug,4.782394246,27-Mar,26-Apr,5.0,6.0,5.0,6.0,17-Jun,17-Jul,2.9366078769999997,7-Apr,22-Apr,4.0,7.0,4.0,7.0,2-Jul,17-Jul,3.449607612
10,HSQVY,Husqvarna AB,21.28000069,False,2009.0,,24-Mar,7-Jun,6.0,6.0,5.0,5.0,3-Nov,17-Jan,4.812684946,14-Mar,13-May,6.0,5.0,6.0,5.0,16-Dec,14-Feb,5.391891605,13-Nov,28-Dec,8.0,3.0,8.0,3.0,13-Nov,28-Dec,2.433635685,5-Apr,5-May,6.0,5.0,6.0,5.0,5-Apr,5-May,7.025381551000001,13-Apr,28-Apr,6.0,5.0,6.0,5.0,13-Apr,28-Apr,5.28353951
11,HUSKF,Husky Energy Inc,3.75,False,2009.0,,9-Dec,22-Feb,5.0,5.0,6.0,6.0,9-Dec,22-Feb,2.24700083,15-Mar,14-May,4.0,7.0,4.0,7.0,27-Nov,26-Jan,5.5599605279999995,14-Mar,28-Apr,4.0,7.0,4.0,7.0,14-Mar,28-Apr,6.938310855,14-Mar,13-Apr,4.0,7.0,4.0,7.0,14-Mar,13-Apr,6.910750296000001,30-Mar,14-Apr,5.0,6.0,5.0,6.0,29-Mar,13-Apr,6.099909091000001
12,HVLM,Huron Valley Bancorp Inc,16.25,False,2009.0,,9-May,23-Jul,2.0,2.0,7.0,7.0,9-May,23-Jul,2.376593019,24-May,23-Jul,2.0,7.0,2.0,7.0,24-May,23-Jul,1.254515941,9-Aug,23-Sep,3.0,6.0,3.0,6.0,9-Aug,23-Sep,2.478945796,9-Aug,8-Sep,1.0,8.0,1.0,8.0,9-Aug,8-Sep,1.9670538380000002,7-Aug,22-Aug,1.0,8.0,1.0,8.0,7-Aug,22-Aug,1.338186412
13,HURN,Huron Consulting Group Inc,43.99000168,False,2009.0,,27-Oct,10-Jan,2.0,2.0,9.0,9.0,27-Oct,10-Jan,7.882899736000001,2-Nov,1-Jan,5.0,6.0,5.0,6.0,2-Nov,1-Jan,7.324066923999999,22-May,6-Jul,7.0,4.0,7.0,4.0,22-May,6-Jul,4.2869920839999995,2-Nov,2-Dec,6.0,5.0,6.0,5.0,2-Nov,2-Dec,5.794093953,2-Nov,17-Nov,4.0,7.0,4.0,7.0,2-Nov,17-Nov,3.606942021
14,HURC,Hurco Companies Inc,29.26000023,False,2009.0,,1-Mar,15-May,8.0,8.0,3.0,3.0,1-Mar,15-May,5.105434413999999,15-Mar,14-May,7.0,4.0,7.0,4.0,15-Mar,14-May,7.972176712,8-Mar,22-Apr,7.0,4.0,7.0,4.0,8-Mar,22-Apr,8.317748936000001,17-Jun,17-Jul,8.0,3.0,8.0,3.0,17-Jun,17-Jul,5.060848859,6-Sep,21-Sep,7.0,4.0,7.0,4.0,6-Sep,21-Sep,4.853240161
15,HUN,Huntsman Corp,24.79999924,False,2009.0,,15-Oct,29-Dec,7.0,7.0,4.0,4.0,15-Oct,29-Dec,6.715653615,2-Oct,1-Dec,6.0,5.0,6.0,5.0,2-Oct,1-Dec,6.935286795,23-Mar,7-May,7.0,4.0,7.0,4.0,23-Mar,7-May,7.822658771,29-Mar,28-Apr,7.0,4.0,7.0,4.0,29-Mar,28-Apr,7.012945825,11-Jul,26-Jul,6.0,5.0,6.0,5.0,11-Jul,26-Jul,3.660952487
16,HBAN,Huntington Bancshares Inc,11.86999989,False,2009.0,,21-Oct,4-Jan,8.0,8.0,3.0,3.0,21-Oct,4-Jan,7.3141818910000005,4-Nov,3-Jan,8.0,3.0,8.0,3.0,25-Oct,24-Dec,5.706794701000001,21-Oct,5-Dec,7.0,4.0,7.0,4.0,21-Oct,5-Dec,5.524055514,4-Nov,4-Dec,7.0,4.0,7.0,4.0,4-Nov,4-Dec,4.5682605,4-Sep,19-Sep,8.0,3.0,8.0,3.0,2-Jun,17-Jun,2.437263873
17,HNTIF,Hunting PLC,2.069999933,False,2009.0,,5-Mar,19-May,4.0,4.0,7.0,7.0,5-Mar,19-May,1.7036523609999998,5-Mar,4-May,4.0,7.0,4.0,7.0,6-Mar,5-May,3.543336845,21-Mar,5-May,3.0,8.0,3.0,8.0,21-Mar,5-May,9.455281345,7-Apr,7-May,2.0,9.0,2.0,9.0,7-Apr,7-May,7.286355624,27-Oct,11-Nov,1.0,10.0,1.0,10.0,7-Apr,22-Apr,4.466805721
18,HTRC,Hunter Creek Mining Co,0.10000000099999999,False,2009.0,,6-Jan,21-Mar,4.0,4.0,7.0,7.0,6-Jan,21-Mar,16.75505155,21-Jan,21-Mar,4.0,7.0,4.0,7.0,21-Jan,21-Mar,20.99747531,13-Jan,27-Feb,5.0,6.0,5.0,6.0,13-Jan,27-Feb,18.07523638,12-Jan,11-Feb,3.0,8.0,3.0,8.0,12-Jan,11-Feb,18.75000031,12-Jan,27-Jan,1.0,10.0,1.0,10.0,12-Jan,27-Jan,12.5213683
19,HUML,Humble Energy Inc,0.550000012,False,2009.0,,23-Oct,6-Jan,1.0,1.0,10.0,10.0,23-Oct,6-Jan,13.55679855,6-Nov,5-Jan,1.0,10.0,1.0,10.0,6-Nov,5-Jan,14.32027994,9-Apr,24-May,1.0,10.0,1.0,10.0,9-Apr,24-May,15.37085807,22-Apr,22-May,1.0,9.0,1.0,9.0,22-Apr,22-May,13.36761383,21-Oct,5-Nov,1.0,9.0,1.0,9.0,21-Oct,5-Nov,12.37096662
20,HUMT,Humatech Inc,0.0132,False,2009.0,,9-Jan,24-Mar,6.0,6.0,5.0,5.0,9-Jan,24-Mar,-32.83907395,27-Jun,26-Aug,5.0,6.0,5.0,6.0,27-Jun,26-Aug,10.16239744,12-Oct,26-Nov,5.0,6.0,5.0,6.0,12-Oct,26-Nov,18.33042207,21-Jul,20-Aug,3.0,8.0,3.0,8.0,21-Jul,20-Aug,20.32975607,7-Mar,22-Mar,1.0,10.0,1.0,10.0,7-Mar,22-Mar,14.45809165
21,HUM,Humana Inc,418.44000239999997,False,2009.0,,11-Apr,25-Jun,8.0,8.0,3.0,3.0,11-Apr,25-Jun,7.044579186,21-Apr,20-Jun,9.0,2.0,9.0,2.0,21-Apr,20-Jun,7.316530331,26-Sep,10-Nov,8.0,3.0,8.0,3.0,26-Sep,10-Nov,6.086744352999999,6-May,5-Jun,7.0,4.0,7.0,4.0,6-May,5-Jun,4.968626799,31-Jul,15-Aug,7.0,4.0,7.0,4.0,31-Jul,15-Aug,3.687901115
22,EROX,Human Pheromone Sciences Inc,0.02,False,2009.0,,1-Mar,15-May,3.0,3.0,8.0,8.0,1-Mar,15-May,13.27783734,17-Sep,16-Nov,4.0,7.0,4.0,7.0,17-Sep,16-Nov,5.512285935,11-Apr,26-May,1.0,10.0,1.0,10.0,11-Apr,26-May,15.28290575,19-Mar,18-Apr,2.0,9.0,2.0,9.0,19-Mar,18-Apr,7.721845253,7-May,22-May,0.0,11.0,0.0,11.0,7-May,22-May,9.874576056
23,HOYFF,HuhtamÃƒÆ’Ã‚Â¤ki Oyj,40.09999847,False,2009.0,,16-Feb,1-May,3.0,3.0,8.0,8.0,9-Oct,23-Dec,8.123932903,3-Mar,2-May,2.0,9.0,2.0,9.0,16-Oct,15-Dec,8.063085483,18-Mar,2-May,3.0,8.0,3.0,8.0,19-Oct,3-Dec,7.837862059,6-Apr,6-May,4.0,7.0,4.0,7.0,15-Nov,15-Dec,3.5975075289999996,17-Apr,2-May,5.0,6.0,5.0,6.0,27-Dec,11-Jan,1.805650829
24,HGTXU,Hugoton Royalty Trust,0.075000003,False,2009.0,,15-Mar,29-May,4.0,4.0,7.0,7.0,15-Mar,29-May,-0.637867489,13-Mar,12-May,6.0,5.0,5.0,6.0,13-Mar,12-May,10.46754438,19-Mar,3-May,5.0,6.0,4.0,7.0,19-Mar,3-May,8.836802688999999,30-Mar,29-Apr,6.0,5.0,6.0,5.0,30-Mar,29-Apr,5.973262731,20-Mar,4-Apr,6.0,5.0,6.0,5.0,1-Apr,16-Apr,3.985971355
25,HDSN,Hudson Technologies Inc,1.169999957,False,2009.0,,19-Dec,4-Mar,7.0,7.0,4.0,4.0,19-Dec,4-Mar,14.95736347,30-Nov,29-Jan,7.0,4.0,7.0,4.0,30-Nov,29-Jan,17.02893503,17-Dec,31-Jan,5.0,6.0,5.0,6.0,17-Dec,31-Jan,15.13122101,14-Dec,13-Jan,7.0,4.0,7.0,4.0,14-Dec,13-Jan,9.206145671,15-Jan,30-Jan,7.0,4.0,7.0,4.0,15-Jan,30-Jan,7.91545461
26,HUDRF,Hudson Resources Inc,0.2579,False,2010.0,,15-Dec,28-Feb,6.0,6.0,4.0,4.0,15-Dec,28-Feb,0.872442875,18-Dec,16-Feb,5.0,5.0,5.0,5.0,18-Dec,16-Feb,13.09389055,20-Dec,3-Feb,6.0,4.0,6.0,4.0,20-Dec,3-Feb,13.51734151,22-Dec,21-Jan,7.0,3.0,7.0,3.0,22-Dec,21-Jan,11.64692604,13-Jul,28-Jul,8.0,2.0,8.0,2.0,13-Jul,28-Jul,8.375425562
27,HPP,Hudson Pacific Properties Inc,25.77000046,False,2010.0,,26-Sep,10-Dec,5.0,5.0,5.0,5.0,26-Sep,10-Dec,5.633664608999999,12-Oct,11-Dec,7.0,3.0,7.0,3.0,12-Oct,11-Dec,4.996977234,20-Oct,4-Dec,7.0,3.0,7.0,3.0,20-Oct,4-Dec,3.22933768,12-Oct,11-Nov,5.0,5.0,5.0,5.0,12-Oct,11-Nov,1.3459740519999999,7-Feb,22-Feb,6.0,4.0,6.0,4.0,7-Feb,22-Feb,1.820534611
28,HSON,Hudson Global Inc,10.27999973,False,2009.0,,14-Jun,28-Aug,4.0,4.0,7.0,7.0,14-Jun,28-Aug,1.988933644,8-Nov,7-Jan,2.0,9.0,2.0,9.0,8-Nov,7-Jan,9.47966602,23-Nov,7-Jan,3.0,8.0,3.0,8.0,23-Nov,7-Jan,12.04768582,27-Nov,27-Dec,5.0,6.0,5.0,6.0,27-Nov,27-Dec,11.99674133,12-Dec,27-Dec,3.0,8.0,3.0,8.0,12-Dec,27-Dec,8.462872202
29,HBM,Hudbay Minerals Inc,5.7100000379999996,False,2009.0,,1-Oct,15-Dec,4.0,3.0,7.0,8.0,1-Oct,15-Dec,9.240754986,9-Sep,8-Nov,3.0,8.0,3.0,8.0,9-Sep,8-Nov,6.361601855,22-Sep,6-Nov,4.0,7.0,4.0,7.0,22-Sep,6-Nov,5.8747766420000005,11-Oct,10-Nov,5.0,6.0,5.0,6.0,11-Oct,10-Nov,6.421276722000001,22-Dec,6-Jan,5.0,6.0,5.0,6.0,22-Dec,6-Jan,5.966923081
30,HBMK,Hubei Minkang Pharmaceutical Ltd,0.01,False,2009.0,,20-Jan,4-Apr,5.0,5.0,6.0,6.0,20-Jan,4-Apr,18.867604800000002,23-Jan,23-Mar,4.0,7.0,4.0,7.0,23-Jan,23-Mar,22.01801412,23-Jan,8-Mar,3.0,8.0,3.0,8.0,23-Jan,8-Mar,17.79908374,4-May,3-Jun,2.0,9.0,2.0,9.0,4-May,3-Jun,-13.38485639,13-Feb,28-Feb,0.0,10.0,0.0,10.0,13-Feb,28-Feb,10.91518578
31,HUBB,Hubbell Inc,155.3500061,False,2009.0,,11-Oct,25-Dec,9.0,8.0,2.0,3.0,11-Dec,24-Feb,6.68095264,10-Oct,9-Dec,8.0,3.0,8.0,3.0,10-Oct,9-Dec,5.863022203,26-Oct,10-Dec,8.0,3.0,8.0,3.0,26-Oct,10-Dec,3.875760058,11-Oct,10-Nov,7.0,4.0,7.0,4.0,11-Oct,10-Nov,4.391956679,2-Feb,17-Feb,6.0,5.0,6.0,5.0,2-Feb,17-Feb,2.9599258039999996
32,HUBV,Hubb Ventures Inc,1.299999952,False,2009.0,,20-Feb,5-May,3.0,3.0,8.0,8.0,20-Feb,5-May,15.25278278,21-Feb,21-Apr,2.0,9.0,2.0,9.0,21-Feb,21-Apr,13.82020757,22-Feb,7-Apr,1.0,10.0,1.0,10.0,22-Feb,7-Apr,13.82020757,11-Nov,11-Dec,1.0,10.0,1.0,10.0,11-Nov,11-Dec,14.35515862,12-Nov,27-Nov,0.0,11.0,0.0,11.0,12-Nov,27-Nov,12.38095228
33,HUBG,Hub Group Inc,54.97999954,False,2009.0,,30-Oct,13-Jan,8.0,8.0,3.0,3.0,30-Oct,13-Jan,4.285879813,1-Oct,30-Nov,8.0,3.0,8.0,3.0,1-Oct,30-Nov,5.8570928129999995,28-Mar,12-May,7.0,4.0,7.0,4.0,28-Mar,12-May,5.398270775,24-May,23-Jun,8.0,3.0,8.0,3.0,24-May,23-Jun,2.8247159589999997,4-Apr,19-Apr,9.0,2.0,9.0,2.0,4-Apr,19-Apr,2.100310871
34,HTHT,Huazhu Group Ltd,51.34999847,False,2010.0,,10-Aug,24-Oct,4.0,4.0,6.0,6.0,10-Aug,24-Oct,10.77322014,22-Jul,20-Sep,4.0,6.0,4.0,6.0,22-Jul,20-Sep,9.10358584,7-Aug,21-Sep,4.0,6.0,4.0,6.0,7-Aug,21-Sep,9.684206407000001,4-Aug,3-Sep,4.0,6.0,4.0,6.0,4-Aug,3-Sep,10.12781866,20-Dec,4-Jan,3.0,7.0,3.0,7.0,15-Aug,30-Aug,6.530280672000001
35,HNP,Huaneng Power International Inc,16.21999931,False,2009.0,,27-Mar,10-Jun,7.0,7.0,4.0,4.0,27-Mar,10-Jun,4.5137027089999995,22-May,21-Jul,5.0,6.0,5.0,6.0,27-Nov,26-Jan,3.1002217610000002,19-Apr,3-Jun,6.0,5.0,6.0,5.0,19-Apr,3-Jun,2.5222190419999997,23-Dec,22-Jan,8.0,3.0,8.0,3.0,23-Dec,22-Jan,2.294704508,3-Jan,18-Jan,9.0,2.0,9.0,2.0,3-Jan,18-Jan,-0.030164273
36,HUIHY,Huabao International Holdings Ltd,42.75,False,2010.0,,1-Jul,14-Sep,6.0,5.0,4.0,5.0,12-Feb,27-Apr,-4.2334551639999995,1-Jul,30-Aug,7.0,3.0,6.0,4.0,1-Jul,30-Aug,7.991991252,3-Sep,18-Oct,6.0,4.0,6.0,4.0,3-Sep,18-Oct,5.776056313,2-Sep,2-Oct,6.0,4.0,6.0,4.0,2-Sep,2-Oct,3.3077683560000004,15-Sep,30-Sep,4.0,6.0,4.0,6.0,15-Sep,30-Sep,3.8378091010000004
37,HTPRF,HTC Purenergy Inc,0.050000000999999995,False,2009.0,,23-Apr,7-Jul,4.0,4.0,7.0,7.0,23-Apr,7-Jul,8.26830774,25-Jul,23-Sep,5.0,6.0,5.0,6.0,25-Jul,23-Sep,5.391559536,25-Jul,8-Sep,4.0,7.0,4.0,7.0,25-Jul,8-Sep,9.807760206000001,26-Jul,25-Aug,5.0,6.0,5.0,6.0,26-Jul,25-Aug,7.843096603999999,16-Aug,31-Aug,3.0,8.0,3.0,8.0,16-Aug,31-Aug,12.24837228
38,HSTC,HST Global Inc,0.119999997,False,2009.0,,2-Dec,15-Feb,5.0,5.0,6.0,6.0,2-Dec,15-Feb,11.83114355,21-Feb,21-Apr,4.0,7.0,4.0,7.0,21-Feb,21-Apr,13.22361877,26-Nov,10-Jan,4.0,7.0,4.0,7.0,26-Nov,10-Jan,17.46448343,22-Mar,21-Apr,2.0,9.0,2.0,9.0,22-Mar,21-Apr,6.598185395,28-Nov,13-Dec,3.0,8.0,3.0,8.0,28-Nov,13-Dec,14.58811053
39,HBCYF,HSBC Holdings PLC,5.0500001910000005,False,2009.0,,6-Sep,20-Nov,5.0,4.0,6.0,7.0,26-Aug,9-Nov,2.987747326,1-Oct,30-Nov,5.0,6.0,4.0,7.0,2-Oct,1-Dec,4.214839428,21-Mar,5-May,5.0,6.0,5.0,6.0,21-Mar,5-May,3.8839545269999998,3-Apr,3-May,6.0,5.0,6.0,5.0,3-Apr,3-May,5.271237967,1-Apr,16-Apr,8.0,3.0,8.0,3.0,1-Apr,16-Apr,3.2751493939999996
40,HSBC,HSBC Holdings PLC,25.23999977,False,2009.0,,27-Aug,10-Nov,5.0,4.0,6.0,7.0,26-Aug,9-Nov,2.950113589,2-Oct,1-Dec,5.0,6.0,4.0,7.0,2-Oct,1-Dec,3.8501762669999997,19-Mar,3-May,5.0,6.0,5.0,6.0,19-Mar,3-May,3.799505038,1-Apr,1-May,6.0,5.0,6.0,5.0,1-Apr,1-May,5.177601458,1-Apr,16-Apr,7.0,4.0,7.0,4.0,1-Apr,16-Apr,3.795282148
41,WSTM,HRSoft Inc,0.23000000399999998,False,2009.0,,24-Feb,9-May,5.0,5.0,6.0,6.0,24-Feb,9-May,11.24654805,27-Feb,27-Apr,3.0,8.0,3.0,8.0,27-Feb,27-Apr,11.80889322,18-Mar,2-May,6.0,5.0,6.0,5.0,18-Mar,2-May,10.69702618,11-Jul,10-Aug,5.0,6.0,5.0,6.0,11-Jul,10-Aug,11.9655176,10-Jul,25-Jul,6.0,5.0,6.0,5.0,10-Jul,25-Jul,8.72440083
42,HPQ,HP Inc,20.45000076,False,2009.0,,26-Aug,9-Nov,5.0,5.0,6.0,6.0,26-Aug,9-Nov,5.537304482000001,13-Sep,12-Nov,7.0,4.0,7.0,4.0,13-Sep,12-Nov,4.930909237,11-Oct,25-Nov,7.0,4.0,7.0,4.0,12-Oct,26-Nov,5.103362065,27-Jun,27-Jul,7.0,4.0,7.0,4.0,27-Jun,27-Jul,4.211448103,7-Feb,22-Feb,9.0,2.0,9.0,2.0,7-Feb,22-Feb,2.2873007480000003
43,HOCPY,Hoya Corp,119.7350006,False,2009.0,,22-May,5-Aug,7.0,7.0,4.0,4.0,22-May,5-Aug,8.70087729,9-Jun,8-Aug,6.0,5.0,6.0,5.0,9-Jun,8-Aug,6.818181342999999,19-Jun,3-Aug,6.0,5.0,6.0,5.0,19-Jun,3-Aug,6.2362381629999994,26-Jun,26-Jul,5.0,6.0,5.0,6.0,26-Jun,26-Jul,3.5693528619999997,19-Jul,3-Aug,8.0,3.0,8.0,3.0,19-Jul,3-Aug,2.9594022160000004
44,HBMD,Howard Bancorp Inc,11.77000046,False,2009.0,,6-Nov,20-Jan,5.0,5.0,6.0,6.0,6-Nov,20-Jan,5.2013908639999995,3-Aug,2-Oct,7.0,4.0,7.0,4.0,3-Aug,2-Oct,5.000263665,3-Aug,17-Sep,7.0,4.0,7.0,4.0,3-Aug,17-Sep,4.385862185,25-Jan,24-Feb,6.0,5.0,6.0,5.0,25-Jan,24-Feb,5.519489557999999,12-Jul,27-Jul,8.0,3.0,8.0,3.0,12-Jul,27-Jul,2.694787779
45,HOV,Hovnanian Enterprises Inc,39.29000092,False,2009.0,,6-Oct,20-Dec,2.0,2.0,9.0,9.0,6-Oct,20-Dec,6.352950829,1-Oct,30-Nov,4.0,7.0,4.0,7.0,1-Oct,30-Nov,11.65470506,10-Nov,25-Dec,3.0,8.0,3.0,8.0,10-Nov,25-Dec,9.569064939,20-Nov,20-Dec,3.0,8.0,3.0,8.0,20-Nov,20-Dec,7.181419122,16-Apr,1-May,6.0,5.0,6.0,5.0,16-Apr,1-May,8.140259752999999
46,HWCC,Houston Wire & Cable Co,2.799999952,False,2009.0,,27-Nov,10-Feb,5.0,5.0,6.0,6.0,27-Nov,10-Feb,5.685438976,19-Dec,17-Feb,6.0,5.0,6.0,5.0,19-Dec,17-Feb,2.388713011,17-Dec,31-Jan,5.0,6.0,5.0,6.0,17-Dec,31-Jan,4.27709781,1-Dec,31-Dec,7.0,4.0,7.0,4.0,1-Dec,31-Dec,3.621177517,28-May,12-Jun,6.0,5.0,6.0,5.0,28-May,12-Jun,3.859483224
47,HUSA,Houston American Energy Corp,1.5299999709999998,False,2009.0,,10-Nov,24-Jan,6.0,6.0,5.0,5.0,17-Apr,1-Jul,-6.785836745,23-Dec,21-Feb,6.0,5.0,6.0,5.0,23-Dec,21-Feb,10.86820201,23-Dec,6-Feb,8.0,3.0,8.0,3.0,23-Dec,6-Feb,8.789928206,18-Dec,17-Jan,9.0,2.0,9.0,2.0,18-Dec,17-Jan,8.257629029,24-Dec,8-Jan,8.0,3.0,8.0,3.0,24-Dec,8-Jan,7.23815624
48,HST,Host Hotels & Resorts Inc,14.14999962,False,2009.0,,28-Oct,11-Jan,6.0,6.0,5.0,5.0,11-Oct,25-Dec,7.7155656310000005,30-Oct,29-Dec,6.0,5.0,6.0,5.0,30-Oct,29-Dec,7.049234157000001,16-Mar,30-Apr,4.0,7.0,4.0,7.0,26-Oct,10-Dec,6.952637167000001,4-Apr,4-May,5.0,6.0,5.0,6.0,4-Apr,4-May,6.310537207,16-Apr,1-May,6.0,5.0,6.0,5.0,16-Apr,1-May,4.332476754
49,HBEXF,Hornby Bay Mineral Exploration Ltd,0.050000000999999995,False,2009.0,,12-Nov,26-Jan,6.0,6.0,5.0,5.0,12-Nov,26-Jan,20.43269247,26-Nov,25-Jan,6.0,5.0,6.0,5.0,26-Nov,25-Jan,15.71047037,13-Dec,27-Jan,7.0,4.0,7.0,4.0,13-Dec,27-Jan,22.01388869,27-Dec,26-Jan,7.0,4.0,7.0,4.0,27-Dec,26-Jan,22.53205159,8-Jan,23-Jan,5.0,6.0,5.0,6.0,8-Jan,23-Jan,18.61111094
50,HOSSQ,Hornbeck Offshore Services Inc,0.02,False,2009.0,,21-Feb,6-May,7.0,7.0,4.0,4.0,21-Feb,6-May,-1.199433968,15-Aug,14-Oct,6.0,5.0,6.0,5.0,15-Aug,14-Oct,-5.583287047000001,15-Mar,29-Apr,5.0,6.0,5.0,6.0,15-Mar,29-Apr,-34.67150859,15-Mar,14-Apr,5.0,6.0,5.0,6.0,15-Mar,14-Apr,3.6289730739999997,2-Jun,17-Jun,7.0,4.0,7.0,4.0,2-Jun,17-Jun,6.2190903429999995
51,HRL,Hormel Foods Corp,50.00999832,False,2009.0,,22-Sep,6-Dec,7.0,7.0,4.0,4.0,22-Sep,6-Dec,7.6104681670000005,16-Oct,15-Dec,7.0,4.0,7.0,4.0,16-Oct,15-Dec,6.95356839,20-Oct,4-Dec,7.0,4.0,7.0,4.0,20-Oct,4-Dec,6.5410192810000005,20-Oct,19-Nov,7.0,4.0,7.0,4.0,20-Oct,19-Nov,4.0924522969999995,8-Feb,23-Feb,4.0,7.0,3.0,8.0,8-Feb,23-Feb,3.399010423
52,HRZN,Horizon Technology Finance Corp,11.93999958,False,2010.0,,3-Nov,17-Jan,7.0,5.0,3.0,5.0,2-Nov,16-Jan,4.235269245,10-Nov,9-Jan,6.0,4.0,6.0,4.0,10-Nov,9-Jan,3.7034763510000004,5-Apr,20-May,8.0,2.0,8.0,2.0,1-Dec,15-Jan,2.814659202,15-Dec,14-Jan,7.0,3.0,5.0,5.0,20-Jun,20-Jul,3.12117618,24-Dec,8-Jan,8.0,2.0,8.0,2.0,24-Dec,8-Jan,2.881527803
53,HZNFF,Horizon Oil Ltd,0.035,False,2009.0,,24-Sep,8-Dec,5.0,5.0,6.0,6.0,24-Sep,8-Dec,19.8163424,24-Sep,23-Nov,5.0,6.0,5.0,6.0,24-Sep,23-Nov,19.32741127,5-Oct,19-Nov,7.0,4.0,7.0,4.0,5-Oct,19-Nov,17.0653081,5-Oct,4-Nov,7.0,4.0,7.0,4.0,5-Oct,4-Nov,13.30268136,5-Oct,20-Oct,5.0,6.0,5.0,6.0,5-Oct,20-Oct,11.05502198
54,HZNOF,Horizon North Logistics Inc private,0.5299999710000001,False,2009.0,,19-Feb,4-May,6.0,6.0,5.0,5.0,19-Feb,4-May,1.3444251230000002,2-Sep,1-Nov,5.0,6.0,5.0,6.0,2-Sep,1-Nov,2.337497719,21-Mar,5-May,5.0,6.0,5.0,6.0,30-Aug,14-Oct,6.8880428160000005,9-Sep,9-Oct,5.0,6.0,5.0,6.0,9-Sep,9-Oct,5.80481087,23-Dec,7-Jan,3.0,8.0,3.0,8.0,27-Dec,11-Jan,4.31144958
56,HGPI,Horizon Group Properties Inc,0.75,False,2009.0,,26-Jul,9-Oct,3.0,3.0,8.0,8.0,26-Jul,9-Oct,13.39240817,26-Jul,24-Sep,4.0,7.0,4.0,7.0,26-Jul,24-Sep,19.3272958,5-Aug,19-Sep,3.0,8.0,3.0,8.0,5-Aug,19-Sep,19.1176002,14-Dec,13-Jan,2.0,9.0,2.0,9.0,14-Dec,13-Jan,11.54335333,26-Jul,10-Aug,3.0,8.0,3.0,8.0,26-Jul,10-Aug,11.45394848
57,HBNC,Horizon Bancorp (IN),14.60000038,False,2009.0,,20-May,3-Aug,6.0,6.0,5.0,5.0,18-Apr,2-Jul,6.759104175,7-Nov,6-Jan,6.0,5.0,6.0,5.0,4-Nov,3-Jan,8.607338652000001,27-Jun,11-Aug,6.0,5.0,6.0,5.0,27-Jun,11-Aug,2.893102573,9-Dec,8-Jan,5.0,6.0,5.0,6.0,17-Jul,16-Aug,3.8094069910000004,5-Oct,20-Oct,5.0,6.0,4.0,7.0,5-Oct,20-Oct,3.2226595380000003
58,HMN,Horace Mann Educators Corp,40.40999985,False,2009.0,,8-Apr,22-Jun,5.0,5.0,6.0,6.0,8-Apr,22-Jun,5.007201429,3-Nov,2-Jan,4.0,7.0,4.0,7.0,18-May,17-Jul,5.93587175,22-May,6-Jul,5.0,6.0,5.0,6.0,22-May,6-Jul,5.065884115,21-May,20-Jun,4.0,7.0,4.0,7.0,13-May,12-Jun,3.836330365,22-May,6-Jun,5.0,6.0,5.0,6.0,22-May,6-Jun,3.6054074060000003
59,HPTO,hopTo Inc,0.5699999929999999,False,2009.0,,24-Jul,7-Oct,6.0,6.0,5.0,5.0,24-Jul,7-Oct,12.30161336,11-Jul,9-Sep,8.0,3.0,8.0,3.0,11-Jul,9-Sep,12.13273616,24-Jul,7-Sep,5.0,6.0,5.0,6.0,24-Jul,7-Sep,10.42150176,18-Jul,17-Aug,6.0,5.0,6.0,5.0,18-Jul,17-Aug,-12.32422675,2-Aug,17-Aug,5.0,6.0,5.0,6.0,2-Aug,17-Aug,9.788571532
60,HOPE,Hope Bancorp Inc,9.600000381000001,False,2009.0,,21-Oct,4-Jan,6.0,5.0,5.0,6.0,21-Oct,4-Jan,11.44000728,2-Oct,1-Dec,6.0,5.0,6.0,5.0,30-Oct,29-Dec,9.733853357000001,24-Oct,8-Dec,3.0,8.0,3.0,8.0,24-Oct,8-Dec,10.21956051,31-Oct,30-Nov,4.0,7.0,4.0,7.0,31-Oct,30-Nov,7.953273385,30-Oct,14-Nov,4.0,7.0,4.0,7.0,31-Oct,15-Nov,4.223662706
61,HOFT,Hooker Furniture Corp,30.03000069,False,2009.0,,12-Aug,26-Oct,6.0,6.0,5.0,5.0,12-Aug,26-Oct,5.154530355,30-Aug,29-Oct,6.0,5.0,6.0,5.0,30-Aug,29-Oct,6.944973944,31-Aug,15-Oct,5.0,6.0,5.0,6.0,31-Aug,15-Oct,7.67239216,1-Nov,1-Dec,6.0,5.0,6.0,5.0,1-Nov,1-Dec,4.531569266,2-Sep,17-Sep,6.0,5.0,6.0,5.0,2-Sep,17-Sep,5.240073594
62,HNGKY,Hongkong Land Holdings Ltd,21.62000084,False,2009.0,,15-Feb,30-Apr,8.0,8.0,3.0,3.0,21-Mar,4-Jun,5.689753735,7-Mar,6-May,7.0,4.0,7.0,4.0,5-Dec,3-Feb,4.02395762,22-Mar,6-May,6.0,5.0,6.0,5.0,22-Mar,6-May,6.182566349,2-Mar,1-Apr,7.0,4.0,7.0,4.0,6-Apr,6-May,4.748892542,9-Mar,24-Mar,5.0,6.0,5.0,6.0,21-Apr,6-May,4.030649963
63,HKHGF,Hongkong Land Holdings Ltd,4.0500001910000005,False,2010.0,,26-Dec,11-Mar,6.0,6.0,4.0,4.0,26-Dec,11-Mar,6.4565577020000005,24-Mar,23-May,7.0,3.0,7.0,3.0,24-Mar,23-May,5.6283476310000005,18-Dec,1-Feb,7.0,3.0,7.0,3.0,18-Dec,1-Feb,6.115100911,30-Dec,29-Jan,9.0,1.0,9.0,1.0,30-Dec,29-Jan,6.871709575,2-Jan,17-Jan,7.0,3.0,7.0,3.0,2-Jan,17-Jan,4.790063356
64,HKWO,Hong Kong Winalite Group Inc,0.01,False,2009.0,,20-Feb,5-May,3.0,3.0,8.0,8.0,20-Feb,5-May,5.534125564,5-Mar,4-May,3.0,8.0,3.0,8.0,5-Mar,4-May,13.86663603,22-Mar,6-May,3.0,8.0,3.0,8.0,22-Mar,6-May,12.18882103,1-Apr,1-May,4.0,7.0,4.0,7.0,1-Apr,1-May,7.808758586000001,6-Apr,21-Apr,3.0,8.0,3.0,8.0,6-Apr,21-Apr,13.38715414
65,HKTVY,Hong Kong Television Network Ltd,28.60000038,False,2009.0,,29-Sep,13-Dec,7.0,7.0,4.0,4.0,29-Sep,13-Dec,9.634131385,7-Feb,7-Apr,7.0,4.0,7.0,4.0,7-Feb,7-Apr,9.169454962,24-Jan,9-Mar,4.0,7.0,4.0,7.0,29-Oct,13-Dec,8.497573909,30-Sep,30-Oct,5.0,6.0,5.0,6.0,30-Sep,30-Oct,2.1380031269999997,18-Mar,2-Apr,4.0,7.0,4.0,7.0,18-Mar,2-Apr,9.233834728
66,HKXCY,Hong Kong Exchanges and Clearing Ltd,47.65000153,False,2010.0,,25-Sep,9-Dec,6.0,6.0,4.0,4.0,25-Sep,9-Dec,6.998204906000001,1-Oct,30-Nov,7.0,3.0,7.0,3.0,1-Oct,30-Nov,7.466003069,27-Sep,11-Nov,7.0,3.0,7.0,3.0,27-Sep,11-Nov,7.759170615,12-Oct,11-Nov,8.0,2.0,8.0,2.0,12-Oct,11-Nov,6.024903806,26-Oct,10-Nov,7.0,3.0,7.0,3.0,26-Oct,10-Nov,4.673781501000001
67,HKXCF,Hong Kong Exchanges and Clearing Ltd,47.61999893,False,2009.0,,1-Oct,15-Dec,6.0,6.0,5.0,5.0,1-Oct,15-Dec,8.155626043,9-Mar,8-May,7.0,4.0,7.0,4.0,2-Oct,1-Dec,7.490971387999999,26-Mar,10-May,7.0,4.0,7.0,4.0,2-Oct,16-Nov,8.12967044,1-Apr,1-May,7.0,4.0,7.0,4.0,23-Mar,22-Apr,9.12477089,3-Oct,18-Oct,8.0,3.0,8.0,3.0,3-Oct,18-Oct,4.412591212
68,HKGEF,Hong Kong Economic Times Holdings Ltd,0.10000000099999999,False,2009.0,,18-Nov,1-Feb,2.0,2.0,9.0,9.0,9-Apr,23-Jun,6.735457452,19-Nov,18-Jan,2.0,9.0,2.0,9.0,31-Mar,30-May,5.920865513,4-Dec,18-Jan,3.0,8.0,3.0,8.0,19-Apr,3-Jun,6.318554054,15-Nov,15-Dec,1.0,10.0,1.0,10.0,23-Apr,23-May,2.33512259,1-Dec,16-Dec,2.0,9.0,2.0,9.0,24-Apr,9-May,2.206008134
69,HOKCY,Hong Kong and China Gas Co Ltd,1.600000024,False,2009.0,,2-Feb,17-Apr,5.0,5.0,6.0,6.0,2-Feb,17-Apr,7.165073577,14-Feb,14-Apr,5.0,6.0,5.0,6.0,14-Feb,14-Apr,7.166230633,2-Mar,16-Apr,5.0,6.0,5.0,6.0,2-Mar,16-Apr,6.5827925689999995,22-Mar,21-Apr,5.0,6.0,5.0,6.0,22-Mar,21-Apr,5.483758041000001,29-Mar,13-Apr,6.0,5.0,6.0,5.0,29-Mar,13-Apr,3.7761342289999997
70,HOKCF,Hong Kong and China Gas Co Ltd,1.5399999619999998,False,2010.0,,3-Apr,17-Jun,6.0,6.0,4.0,4.0,12-Feb,27-Apr,7.369782923,27-Feb,27-Apr,6.0,4.0,6.0,4.0,27-Feb,27-Apr,6.02476646,21-Mar,5-May,6.0,4.0,6.0,4.0,21-Mar,5-May,5.511565776,5-Apr,5-May,6.0,4.0,6.0,4.0,5-Apr,5-May,5.492401449,8-Sep,23-Sep,5.0,5.0,5.0,5.0,8-Sep,23-Sep,1.6339043480000002
71,HON,Honeywell International Inc,201.1100006,False,2009.0,,25-Sep,9-Dec,9.0,9.0,2.0,2.0,25-Sep,9-Dec,7.501543155,11-Oct,10-Dec,10.0,1.0,10.0,1.0,11-Oct,10-Dec,6.910985752,26-Oct,10-Dec,8.0,3.0,8.0,3.0,11-Oct,25-Nov,5.60233507,11-Oct,10-Nov,7.0,4.0,7.0,4.0,11-Oct,10-Nov,5.09984646,10-Jul,25-Jul,8.0,3.0,8.0,3.0,10-Jul,25-Jul,3.106766155
72,HNDAF,Honda Motor Co Ltd,28.90749931,False,2010.0,,15-Mar,29-May,3.0,6.0,7.0,4.0,4-Nov,18-Jan,5.646759843,14-Mar,13-May,2.0,8.0,7.0,3.0,2-Oct,1-Dec,5.950258516,19-Mar,3-May,2.0,8.0,7.0,3.0,16-Oct,30-Nov,5.5967094479999995,25-May,24-Jun,2.0,8.0,7.0,3.0,4-Nov,4-Dec,3.51567017,15-Mar,30-Mar,3.0,7.0,7.0,3.0,16-Oct,31-Oct,1.46354152
73,HMC,Honda Motor Co Ltd,28.57999992,False,2009.0,,31-Oct,14-Jan,7.0,7.0,4.0,4.0,31-Oct,14-Jan,6.234340694,4-Oct,3-Dec,7.0,4.0,7.0,4.0,4-Oct,3-Dec,5.954756245,20-Oct,4-Dec,7.0,4.0,7.0,4.0,20-Oct,4-Dec,4.643586765,3-Nov,3-Dec,8.0,3.0,8.0,3.0,3-Nov,3-Dec,3.6203243589999996,5-Feb,20-Feb,8.0,3.0,8.0,3.0,5-Feb,20-Feb,1.4527808430000002
74,HONT,Honat Bancorp Inc,115.0,False,2009.0,,22-Apr,6-Jul,7.0,7.0,4.0,4.0,22-Apr,6-Jul,4.239490634,21-Apr,20-Jun,8.0,3.0,8.0,3.0,6-Feb,6-Apr,6.517308177,20-Apr,4-Jun,7.0,4.0,6.0,5.0,18-Apr,2-Jun,5.302710713,26-Jan,25-Feb,5.0,6.0,5.0,6.0,4-Aug,3-Sep,4.131853707,24-Apr,9-May,6.0,5.0,6.0,5.0,24-Apr,9-May,5.218049453
75,HNHPF,Hon Hai Precision Industry Co Ltd,5.8699998860000004,False,2009.0,,24-Aug,7-Nov,4.0,4.0,7.0,7.0,24-Aug,7-Nov,6.9479239029999995,8-Sep,7-Nov,5.0,6.0,5.0,6.0,8-Sep,7-Nov,5.89041988,13-Jun,28-Jul,4.0,7.0,4.0,7.0,14-Mar,28-Apr,6.942890901,9-Oct,8-Nov,5.0,6.0,5.0,6.0,9-Oct,8-Nov,5.0440476489999995,24-Mar,8-Apr,4.0,7.0,4.0,7.0,24-Mar,8-Apr,3.510644956
76,HLFN,Home Loan Financial Corp,30.20000076,False,2009.0,,19-Mar,2-Jun,5.0,4.0,6.0,7.0,15-Jun,29-Aug,4.714083888,11-Jul,9-Sep,5.0,6.0,4.0,7.0,29-Mar,28-May,6.83032486,30-Sep,14-Nov,6.0,5.0,3.0,8.0,1-Apr,16-May,6.21407204,3-Oct,2-Nov,7.0,4.0,4.0,7.0,23-Mar,22-Apr,7.938440225,14-Apr,29-Apr,2.0,9.0,2.0,9.0,11-Aug,26-Aug,3.022809857
77,HWEN,Home Financial Bancorp,9.800000191,False,2009.0,,27-May,10-Aug,8.0,7.0,3.0,4.0,23-Jun,6-Sep,6.187453168999999,19-Feb,19-Apr,7.0,4.0,7.0,4.0,8-Mar,7-May,4.058132266,11-Mar,25-Apr,8.0,3.0,8.0,3.0,14-Mar,28-Apr,5.131623181,13-Mar,12-Apr,8.0,3.0,8.0,3.0,13-Mar,12-Apr,4.460310058999999,2-Sep,17-Sep,4.0,7.0,4.0,7.0,18-Mar,2-Apr,1.275510408
78,HFBL,Home Federal Bancorp Inc of louisiana,26.60000038,False,2009.0,,3-Jun,17-Aug,7.0,7.0,4.0,4.0,27-Sep,11-Dec,5.5731298670000005,9-Oct,8-Dec,7.0,4.0,5.0,6.0,9-Oct,8-Dec,6.312319329,12-Jul,26-Aug,8.0,3.0,8.0,3.0,25-Oct,9-Dec,7.261907582999999,5-Jul,4-Aug,8.0,3.0,7.0,4.0,5-Jul,4-Aug,4.4079769980000005,25-Oct,9-Nov,4.0,7.0,4.0,7.0,25-Oct,9-Nov,3.664197283
79,HMCBF,Home Capital Group Inc,21.34000015,False,2010.0,,23-Sep,7-Dec,6.0,5.0,4.0,5.0,23-Sep,7-Dec,11.24225362,6-Oct,5-Dec,6.0,4.0,6.0,4.0,6-Oct,5-Dec,11.65556842,5-Oct,19-Nov,4.0,6.0,4.0,6.0,3-Oct,17-Nov,8.857575034,17-Oct,16-Nov,4.0,6.0,4.0,6.0,17-Oct,16-Nov,9.037958225,2-Nov,17-Nov,4.0,6.0,4.0,6.0,2-Nov,17-Nov,6.833365678
80,HOMB,Home BancShares Inc,18.97999954,False,2009.0,,20-May,3-Aug,7.0,7.0,4.0,4.0,20-May,3-Aug,6.941361172000001,1-Jun,31-Jul,6.0,5.0,6.0,5.0,1-Jun,31-Jul,6.086827717999999,24-Oct,8-Dec,4.0,7.0,4.0,7.0,31-May,15-Jul,4.4274530389999995,1-Nov,1-Dec,5.0,6.0,5.0,6.0,1-Nov,1-Dec,5.804269395,31-Oct,15-Nov,5.0,6.0,5.0,6.0,13-Apr,28-Apr,4.0988225069999995
81,HBCP,Home Bancorp Inc,28.86000061,False,2009.0,,12-Oct,26-Dec,6.0,6.0,5.0,5.0,20-May,3-Aug,3.81466085,24-Oct,23-Dec,6.0,5.0,5.0,6.0,24-Oct,23-Dec,4.556619923,25-May,9-Jul,6.0,5.0,5.0,6.0,25-May,9-Jul,5.1933092830000005,11-Jun,11-Jul,7.0,4.0,7.0,4.0,11-Jun,11-Jul,4.5416864530000005,16-Apr,1-May,6.0,5.0,6.0,5.0,16-Apr,1-May,3.3936345980000002
82,HOLX,Hologic Inc,70.01000214,False,2009.0,,23-May,6-Aug,7.0,7.0,4.0,4.0,23-May,6-Aug,9.495099165,30-May,29-Jul,7.0,4.0,7.0,4.0,30-May,29-Jul,5.596573242000001,12-Jun,27-Jul,7.0,4.0,7.0,4.0,12-Jun,27-Jul,4.575215093,24-May,23-Jun,9.0,2.0,9.0,2.0,24-May,23-Jun,5.188775315,26-Oct,10-Nov,9.0,2.0,9.0,2.0,26-Oct,10-Nov,4.152505326
83,HOOB,Holobeam Inc,38.0,False,2009.0,,22-May,5-Aug,4.0,4.0,7.0,7.0,22-May,5-Aug,12.16438989,27-May,26-Jul,3.0,8.0,3.0,8.0,27-May,26-Jul,13.25146432,27-May,11-Jul,4.0,7.0,4.0,7.0,27-May,11-Jul,11.1659489,27-May,26-Jun,1.0,10.0,1.0,10.0,27-May,26-Jun,10.86720688,9-Jun,24-Jun,1.0,10.0,1.0,10.0,9-Jun,24-Jun,7.581922157999999
84,HOLI,Hollysys Automation Technologies Ltd,11.47999954,False,2009.0,,2-Sep,16-Nov,5.0,5.0,6.0,6.0,2-Sep,16-Nov,14.21990642,5-Oct,4-Dec,5.0,6.0,5.0,6.0,24-Sep,23-Nov,10.9417457,24-Sep,8-Nov,6.0,5.0,6.0,5.0,24-Sep,8-Nov,10.19570384,2-Sep,2-Oct,6.0,5.0,6.0,5.0,2-Sep,2-Oct,8.069064516000001,3-Jun,18-Jun,8.0,3.0,8.0,3.0,3-Jun,18-Jun,2.538860002
85,HFC,HollyFrontier Corp,22.71999931,False,2009.0,,29-Jun,12-Sep,7.0,7.0,4.0,4.0,29-Jun,12-Sep,5.841564602999999,12-Jul,10-Sep,6.0,5.0,6.0,5.0,12-Jul,10-Sep,5.186188303,27-Jun,11-Aug,6.0,5.0,6.0,5.0,27-Jun,11-Aug,7.5832877629999995,5-Jul,4-Aug,5.0,6.0,5.0,6.0,5-Jul,4-Aug,7.335460631,19-Jul,3-Aug,4.0,7.0,4.0,7.0,19-Jul,3-Aug,4.121142096
86,HEP,Holly Energy Partners LP,12.47999954,False,2009.0,,22-Dec,7-Mar,9.0,7.0,2.0,4.0,6-Dec,19-Feb,6.055431365,15-Mar,14-May,9.0,2.0,8.0,3.0,29-Dec,27-Feb,5.432956989,15-Jan,29-Feb,9.0,2.0,9.0,2.0,16-Jun,31-Jul,3.22256007,20-Jan,19-Feb,9.0,2.0,9.0,2.0,7-Dec,6-Jan,2.658536585,13-Apr,28-Apr,9.0,2.0,9.0,2.0,13-Apr,28-Apr,4.474460908
87,HIHI,Holiday Island Holdings Inc,0.14000000099999999,False,2009.0,,25-Mar,8-Jun,2.0,2.0,9.0,9.0,25-Mar,8-Jun,-88.01092929,17-Apr,16-Jun,3.0,8.0,3.0,8.0,17-Apr,16-Jun,-8.790840997,12-May,26-Jun,2.0,9.0,2.0,9.0,12-May,26-Jun,-4.359704973,26-Dec,25-Jan,3.0,8.0,3.0,8.0,26-Dec,25-Jan,18.54781382,26-Dec,10-Jan,4.0,7.0,4.0,7.0,26-Dec,10-Jan,19.05754873
88,HCKG,Hocking Valley Bancshares,795.0,False,2009.0,,15-Feb,30-Apr,7.0,6.0,4.0,5.0,15-Feb,30-Apr,6.257877579,17-Jul,15-Sep,5.0,6.0,5.0,6.0,19-Feb,19-Apr,4.804726833999999,7-Feb,23-Mar,4.0,7.0,4.0,7.0,7-Feb,23-Mar,3.359805995,9-Feb,10-Mar,2.0,9.0,2.0,9.0,18-Feb,19-Mar,3.1442887539999997,2-Mar,17-Mar,1.0,10.0,1.0,10.0,23-Feb,9-Mar,2.42570743
89,HCHDF,Hochschild Mining PLC,2.8800001139999996,False,2010.0,,20-Dec,5-Mar,6.0,6.0,4.0,4.0,20-Dec,5-Mar,10.64470691,13-Jul,11-Sep,6.0,4.0,6.0,4.0,1-Jul,30-Aug,8.575382035,29-Nov,13-Jan,5.0,5.0,5.0,5.0,29-Nov,13-Jan,0.8446116440000001,1-Feb,2-Mar,5.0,5.0,5.0,5.0,1-Feb,2-Mar,8.222015887000001,5-Oct,20-Oct,4.0,6.0,4.0,6.0,5-Oct,20-Oct,7.279232167000001
90,HNI,HNI Corp,37.56000137,False,2009.0,,5-Nov,19-Jan,5.0,4.0,6.0,7.0,25-Sep,9-Dec,9.562727247,4-Oct,3-Dec,3.0,8.0,3.0,8.0,22-Aug,21-Oct,5.11366986,7-Nov,22-Dec,4.0,7.0,4.0,7.0,7-Nov,22-Dec,3.5667696089999996,1-Nov,1-Dec,6.0,5.0,6.0,5.0,1-Nov,1-Dec,6.2148884660000006,19-Nov,4-Dec,3.0,8.0,3.0,8.0,19-Nov,4-Dec,3.817333198
91,HMSY,HMS Holdings Corp,30.20000076,False,2009.0,,30-Apr,14-Jul,5.0,5.0,6.0,6.0,30-Apr,14-Jul,10.1133345,18-May,17-Jul,5.0,6.0,5.0,6.0,18-May,17-Jul,9.038992879,22-May,6-Jul,5.0,6.0,5.0,6.0,22-May,6-Jul,7.533901749,4-Nov,4-Dec,6.0,5.0,6.0,5.0,4-Nov,4-Dec,6.7483379160000005,4-Nov,19-Nov,8.0,3.0,8.0,3.0,4-Nov,19-Nov,3.8623183360000004
92,HMNF,HMN Financial Inc,16.44000053,False,2009.0,,29-Aug,12-Nov,7.0,7.0,4.0,4.0,29-Aug,12-Nov,4.823837146,25-Aug,24-Oct,7.0,4.0,7.0,4.0,25-Aug,24-Oct,5.974093937999999,27-Mar,11-May,5.0,6.0,5.0,6.0,27-Mar,11-May,8.767426264,30-Jun,30-Jul,5.0,6.0,5.0,6.0,30-Jun,30-Jul,5.141188225,14-Dec,29-Dec,3.0,8.0,3.0,8.0,14-Dec,29-Dec,2.81113443
93,HMG,HMG/Courtland Properties Inc,11.0,False,2009.0,,8-Nov,22-Jan,7.0,7.0,4.0,4.0,28-Dec,13-Mar,8.538470307999999,22-Dec,20-Feb,9.0,2.0,9.0,2.0,14-Dec,12-Feb,10.00023118,18-Dec,1-Feb,5.0,6.0,5.0,6.0,29-Dec,12-Feb,9.385321472000001,26-Dec,25-Jan,7.0,4.0,6.0,5.0,23-Dec,22-Jan,3.46217012,11-Aug,26-Aug,6.0,5.0,6.0,5.0,11-Aug,26-Aug,1.9541972509999999
94,HLTRF,HLS Therapeutics Inc,12.5,False,2010.0,,1-Jun,15-Aug,3.0,3.0,7.0,7.0,1-Jun,15-Aug,11.56647392,3-Jul,1-Sep,4.0,6.0,4.0,6.0,24-Jun,23-Aug,10.44240926,2-Jul,16-Aug,5.0,5.0,4.0,6.0,2-Jul,16-Aug,11.27499095,11-Oct,10-Nov,3.0,6.0,3.0,6.0,11-Oct,10-Nov,6.730819977,30-Jun,15-Jul,1.0,8.0,1.0,8.0,30-Jun,15-Jul,1.7789270819999998
95,AMHD,HLK Biotech Holding Group Inc,0.0152,False,2009.0,,20-Jun,3-Sep,3.0,3.0,8.0,8.0,20-Jun,3-Sep,30.49242424,26-Oct,25-Dec,1.0,10.0,1.0,10.0,26-Oct,25-Dec,31.86328171,11-Jul,25-Aug,3.0,8.0,3.0,8.0,11-Jul,25-Aug,15.54894131,25-Jul,24-Aug,4.0,7.0,4.0,7.0,25-Jul,24-Aug,25.56238352,6-Dec,21-Dec,2.0,9.0,2.0,9.0,6-Dec,21-Dec,16.853690300000004
96,HRKIF,HKR International Ltd,0.28499999600000003,False,2010.0,,2-Jan,17-Mar,0.0,0.0,9.0,9.0,2-Jan,17-Mar,0.0,2-Jan,2-Mar,0.0,9.0,0.0,9.0,2-Jan,2-Mar,0.0,2-Jan,16-Feb,0.0,9.0,0.0,9.0,2-Jan,16-Feb,0.0,2-Jan,1-Feb,0.0,9.0,0.0,9.0,2-Jan,1-Feb,0.0,2-Jan,17-Jan,0.0,9.0,0.0,9.0,2-Jan,17-Jan,0.0
97,HKGT,HK Graphene Technology Corp,100.0,False,2010.0,,2-Jan,17-Mar,0.0,0.0,10.0,10.0,2-Jan,17-Mar,4.590909091,2-Jan,2-Mar,0.0,10.0,0.0,10.0,2-Jan,2-Mar,4.590909091,2-Jan,16-Feb,0.0,10.0,0.0,10.0,2-Jan,16-Feb,4.590909091,3-Jan,2-Feb,0.0,10.0,0.0,10.0,3-Jan,2-Feb,4.590909091,18-Jan,2-Feb,0.0,10.0,0.0,10.0,18-Jan,2-Feb,4.590909091
98,HMTLY,Hitachi Metals Ltd,130.5200043,False,2010.0,,25-Sep,9-Dec,7.0,7.0,2.0,2.0,28-Dec,13-Mar,3.7310398310000004,2-Jan,2-Mar,7.0,2.0,7.0,2.0,2-Jan,2-Mar,3.2584996389999996,7-Jan,21-Feb,6.0,3.0,6.0,3.0,7-Jan,21-Feb,3.19116056,5-Jan,4-Feb,6.0,3.0,6.0,3.0,5-Jan,4-Feb,2.8579184160000004,21-Mar,5-Apr,3.0,6.0,3.0,6.0,16-Jan,31-Jan,0.799040242
99,HTHIY,Hitachi Ltd,76.16000366,False,2009.0,,9-Nov,23-Jan,5.0,5.0,6.0,6.0,9-Nov,23-Jan,5.650149522,14-Mar,13-May,6.0,5.0,6.0,5.0,14-Mar,13-May,7.713723548,18-Mar,2-May,6.0,5.0,6.0,5.0,17-Mar,1-May,5.886610097999999,11-Oct,10-Nov,8.0,3.0,8.0,3.0,11-Oct,10-Nov,4.704699613,16-Apr,1-May,9.0,2.0,9.0,2.0,16-Apr,1-May,3.917656698
100,HTHIF,Hitachi Ltd,38.22999954,False,2010.0,,25-Jun,8-Sep,4.0,6.0,6.0,4.0,8-Nov,22-Jan,6.751234556,21-Jun,20-Aug,3.0,7.0,7.0,3.0,10-Oct,9-Dec,6.832556836,5-Jul,19-Aug,2.0,8.0,6.0,4.0,18-Oct,2-Dec,5.282638598,20-Jul,19-Aug,3.0,7.0,7.0,3.0,14-Oct,13-Nov,4.061579213,4-Aug,19-Aug,3.0,7.0,6.0,4.0,29-Oct,13-Nov,2.465706314
101,HCXLF,Hiscox Ltd,13.80000019,False,2010.0,,18-May,1-Aug,6.0,6.0,4.0,4.0,18-May,1-Aug,7.250040655,25-Aug,24-Oct,5.0,5.0,5.0,5.0,25-Aug,24-Oct,4.329465684,29-Aug,13-Oct,3.0,7.0,3.0,7.0,29-Aug,13-Oct,3.154499182,8-Jul,7-Aug,3.0,7.0,3.0,7.0,8-Jul,7-Aug,5.270867427,24-Jul,8-Aug,3.0,7.0,3.0,7.0,8-Sep,23-Sep,2.7866108510000003
102,HQI,HireQuest Inc,8.789999962000001,False,2009.0,,21-Oct,4-Jan,3.0,3.0,8.0,8.0,21-Oct,4-Jan,11.92689845,3-Jun,2-Aug,3.0,8.0,3.0,8.0,3-Jun,2-Aug,11.69170636,18-Jun,2-Aug,3.0,8.0,3.0,8.0,18-Jun,2-Aug,11.751354699999998,13-Apr,13-May,5.0,6.0,5.0,6.0,13-Apr,13-May,3.5431041810000004,10-Jul,25-Jul,4.0,7.0,4.0,7.0,10-Jul,25-Jul,5.867458691
103,HINOY,Hino Motors Ltd,86.65000153,False,2010.0,,3-Sep,17-Nov,4.0,4.0,6.0,6.0,8-Aug,22-Oct,1.108721565,25-Aug,24-Oct,6.0,4.0,6.0,4.0,23-Aug,22-Oct,4.612046231,28-Aug,12-Oct,6.0,4.0,6.0,4.0,25-Oct,9-Dec,4.337687208999999,13-Dec,12-Jan,6.0,4.0,6.0,4.0,13-Dec,12-Jan,3.982076157,14-Feb,29-Feb,5.0,5.0,5.0,5.0,14-Feb,29-Feb,2.772571437
104,HIFS,Hingham Institution for Savings,223.96000669999998,False,2009.0,,13-May,27-Jul,8.0,7.0,3.0,4.0,13-May,27-Jul,6.037832361,11-Apr,10-Jun,8.0,3.0,8.0,3.0,24-Oct,23-Dec,5.980616966,17-Jun,1-Aug,7.0,4.0,7.0,4.0,17-Jun,1-Aug,5.4685545620000005,2-Nov,2-Dec,8.0,3.0,7.0,4.0,2-Nov,2-Dec,5.055349895,6-Nov,21-Nov,6.0,5.0,5.0,6.0,6-Nov,21-Nov,3.081790541
105,HTH,Hilltop Holdings Inc,23.94000053,False,2009.0,,24-Sep,8-Dec,4.0,4.0,7.0,7.0,22-Aug,5-Nov,5.3151095669999995,21-Aug,20-Oct,3.0,8.0,3.0,8.0,21-Aug,20-Oct,4.50490555,17-Oct,1-Dec,4.0,7.0,4.0,7.0,17-Oct,1-Dec,5.850730085,19-Oct,18-Nov,5.0,6.0,5.0,6.0,19-Oct,18-Nov,3.963744896,31-Oct,15-Nov,7.0,4.0,7.0,4.0,31-Oct,15-Nov,2.7561196669999997
106,HI,Hillenbrand Inc,36.11000061,False,2009.0,,31-Aug,14-Nov,7.0,7.0,4.0,4.0,31-Aug,14-Nov,5.900626643,1-Oct,30-Nov,6.0,5.0,6.0,5.0,1-Oct,30-Nov,5.721109982000001,4-Sep,19-Oct,5.0,6.0,5.0,6.0,26-Sep,10-Nov,5.126877795,13-Oct,12-Nov,5.0,6.0,5.0,6.0,13-Oct,12-Nov,3.9661091839999996,24-Jun,9-Jul,4.0,7.0,4.0,7.0,24-Jun,9-Jul,1.975483284
107,HRC,Hill-Rom Holdings Inc,94.27999878,False,2009.0,,29-Oct,12-Jan,7.0,7.0,4.0,4.0,29-Oct,12-Jan,5.037397801,27-May,26-Jul,6.0,5.0,6.0,5.0,27-May,26-Jul,5.259464138999999,12-Jun,27-Jul,7.0,4.0,7.0,4.0,12-Jun,27-Jul,4.722314395,7-Mar,6-Apr,8.0,3.0,8.0,3.0,7-Mar,6-Apr,5.194111378000001,19-Mar,3-Apr,10.0,1.0,10.0,1.0,19-Mar,3-Apr,3.560372474
108,HIL,Hill International Inc,1.5399999619999998,False,2009.0,,12-Nov,26-Jan,3.0,3.0,8.0,8.0,12-Nov,26-Jan,9.35801885,9-May,8-Jul,6.0,5.0,6.0,5.0,9-May,8-Jul,8.182771491,26-Nov,10-Jan,6.0,5.0,6.0,5.0,26-Nov,10-Jan,7.591946365,17-May,16-Jun,8.0,3.0,8.0,3.0,17-May,16-Jun,6.256204932999999,22-May,6-Jun,9.0,2.0,9.0,2.0,22-May,6-Jun,7.496162318
109,HIW,Highwoods Properties Inc,36.59999847,False,2009.0,,22-May,5-Aug,6.0,6.0,5.0,5.0,22-May,5-Aug,4.971145197,4-Jun,3-Aug,9.0,2.0,9.0,2.0,4-Jun,3-Aug,3.0615685,19-Mar,3-May,7.0,4.0,7.0,4.0,19-Mar,3-May,7.012590341,26-Mar,25-Apr,8.0,3.0,8.0,3.0,26-Mar,25-Apr,2.733426427,24-Mar,8-Apr,6.0,5.0,6.0,5.0,24-Mar,8-Apr,3.654147402
110,HIHO,Highway Holdings Ltd,4.0,False,2009.0,,5-Feb,20-Apr,7.0,7.0,4.0,4.0,5-Feb,20-Apr,2.067347167,12-Sep,11-Nov,7.0,4.0,7.0,4.0,11-Sep,10-Nov,7.080662215,5-Oct,19-Nov,6.0,5.0,6.0,5.0,5-Oct,19-Nov,8.369865192,27-Jun,27-Jul,7.0,4.0,7.0,4.0,27-Jun,27-Jul,6.626863636,26-Jun,11-Jul,9.0,2.0,9.0,2.0,26-Jun,11-Jul,7.627241708
111,HPR,HighPoint Resources Corp,6.860000134,False,2009.0,,28-Mar,11-Jun,3.0,3.0,8.0,8.0,28-Mar,11-Jun,8.441738577,10-Mar,9-May,3.0,8.0,3.0,8.0,10-Mar,9-May,9.781343406,24-Mar,8-May,0.0,11.0,0.0,11.0,24-Mar,8-May,8.815914765,20-Aug,19-Sep,4.0,7.0,4.0,7.0,20-Aug,19-Sep,9.477221878,16-Apr,1-May,5.0,6.0,5.0,6.0,16-Apr,1-May,8.684548694
112,HBSI,"Highlands Bankshares, Inc.",36.0,False,2009.0,,31-Aug,14-Nov,6.0,6.0,5.0,5.0,14-Nov,28-Jan,4.213462852,25-Mar,24-May,8.0,3.0,7.0,4.0,24-Mar,23-May,5.192801575,2-Apr,17-May,7.0,4.0,7.0,4.0,8-Apr,23-May,5.019235233,23-Apr,23-May,5.0,6.0,5.0,6.0,3-Sep,3-Oct,3.59253087,19-Oct,3-Nov,4.0,7.0,4.0,7.0,4-Sep,19-Sep,3.357412514
113,PCF,High Income Securities Fund,7.739999771,False,2009.0,,12-Nov,26-Jan,10.0,10.0,1.0,1.0,31-Dec,16-Mar,1.667087075,14-Dec,12-Feb,9.0,2.0,9.0,2.0,6-Mar,5-May,1.657885233,21-Mar,5-May,9.0,2.0,9.0,2.0,21-Mar,5-May,4.536427722,5-Jan,4-Feb,10.0,1.0,8.0,3.0,3-Apr,3-May,3.162159731,14-Dec,29-Dec,9.0,2.0,9.0,2.0,5-Sep,20-Sep,1.355449765
114,HCBC,High Country Bancorp Inc,40.0,False,2009.0,,22-Oct,5-Jan,3.0,3.0,8.0,8.0,22-Oct,5-Jan,6.566153517,12-Oct,11-Dec,4.0,7.0,4.0,7.0,20-Oct,19-Dec,5.1866916089999995,16-Apr,31-May,4.0,7.0,4.0,7.0,18-Oct,2-Dec,4.601094918,19-Oct,18-Nov,4.0,7.0,4.0,7.0,19-Oct,18-Nov,4.874724883,3-Nov,18-Nov,2.0,9.0,2.0,9.0,25-Oct,9-Nov,0.31615512100000004
115,HIIDY,Hidili Industry International Development Ltd,4.0,False,2010.0,,5-Apr,19-Jun,2.0,2.0,8.0,8.0,5-Apr,19-Jun,-1.08019184,20-Apr,19-Jun,1.0,9.0,1.0,9.0,20-Apr,19-Jun,-2.494776522,29-Mar,13-May,2.0,8.0,2.0,8.0,29-Mar,13-May,0.814721809,5-Apr,5-May,2.0,8.0,2.0,8.0,5-Apr,5-May,3.707218229,19-Apr,4-May,2.0,8.0,2.0,8.0,19-Apr,4-May,2.346431429
116,HIBB,Hibbett Sports Inc,40.29999924,False,2009.0,,13-Sep,27-Nov,6.0,6.0,5.0,5.0,13-Sep,27-Nov,10.78464272,25-Aug,24-Oct,5.0,6.0,5.0,6.0,25-Aug,24-Oct,9.588512833,7-Nov,22-Dec,6.0,5.0,6.0,5.0,7-Nov,22-Dec,7.191845559,31-Oct,30-Nov,5.0,6.0,5.0,6.0,31-Oct,30-Nov,9.256756519,12-Nov,27-Nov,6.0,5.0,6.0,5.0,12-Nov,27-Nov,6.021558548
117,HHBT,HH Biotechnology Holdings Co,0.129999995,False,2009.0,,28-Jun,11-Sep,2.0,2.0,9.0,9.0,28-Jun,11-Sep,8.788533502,13-Jul,11-Sep,2.0,9.0,2.0,9.0,13-Jul,11-Sep,0.300246062,28-Jul,11-Sep,2.0,9.0,2.0,9.0,28-Jul,11-Sep,6.954494942999999,28-Jul,27-Aug,3.0,8.0,3.0,8.0,28-Jul,27-Aug,2.4431780180000002,16-Aug,31-Aug,3.0,8.0,3.0,8.0,16-Aug,31-Aug,-46.00629036
118,STLY,HG Holdings Inc,0.610000014,False,2009.0,,13-Nov,27-Jan,6.0,6.0,5.0,5.0,13-Nov,27-Jan,1.18897856,17-May,16-Jul,6.0,5.0,6.0,5.0,17-May,16-Jul,-5.193321151,4-Dec,18-Jan,5.0,6.0,5.0,6.0,4-Dec,18-Jan,6.101126622000001,29-Mar,28-Apr,6.0,5.0,6.0,5.0,29-Mar,28-Apr,3.930526037,13-Apr,28-Apr,4.0,7.0,4.0,7.0,13-Apr,28-Apr,5.021317671
119,HFBA,HFB Financial Corp,27.75,False,2009.0,,19-Aug,2-Nov,8.0,8.0,3.0,3.0,28-Dec,13-Mar,5.043227674,3-Sep,2-Nov,8.0,3.0,8.0,3.0,23-Dec,21-Feb,3.536916315,4-Sep,19-Oct,9.0,2.0,9.0,2.0,28-Dec,11-Feb,3.952317002,28-Aug,27-Sep,6.0,5.0,6.0,5.0,12-Jan,11-Feb,2.8219291539999998,3-Mar,18-Mar,2.0,9.0,2.0,9.0,27-Jan,11-Feb,2.590750855
120,HXL,Hexcel Corp,50.08000183,False,2009.0,,29-Oct,12-Jan,8.0,8.0,3.0,3.0,9-May,23-Jul,7.452381216,29-Oct,28-Dec,7.0,4.0,7.0,4.0,10-Apr,9-Jun,9.084830412999999,1-Oct,15-Nov,8.0,3.0,8.0,3.0,1-Oct,15-Nov,3.6524745569999997,25-Jun,25-Jul,7.0,4.0,7.0,4.0,25-Jun,25-Jul,5.067167158999999,3-Feb,18-Feb,9.0,2.0,9.0,2.0,3-Feb,18-Feb,2.461022074
121,HXGBF,Hexagon AB,82.02999878,False,2009.0,,30-Mar,13-Jun,9.0,9.0,2.0,2.0,3-Nov,17-Jan,8.252062102,21-Mar,20-May,9.0,2.0,9.0,2.0,11-Oct,10-Dec,9.932191643,30-Mar,14-May,8.0,3.0,8.0,3.0,15-Jan,29-Feb,6.3944870279999995,29-Jan,28-Feb,8.0,3.0,8.0,3.0,29-Jan,28-Feb,3.7452162319999998,28-Apr,13-May,5.0,6.0,5.0,6.0,9-Apr,24-Apr,5.6337060160000005
122,HES,Hess Corp,46.02999878,False,2009.0,,8-Dec,21-Feb,7.0,7.0,4.0,4.0,8-Dec,21-Feb,3.445459548,13-Mar,12-May,5.0,6.0,5.0,6.0,13-Mar,12-May,5.768280511,6-Sep,21-Oct,4.0,7.0,4.0,7.0,6-Sep,21-Oct,1.439219763,15-Mar,14-Apr,4.0,7.0,4.0,7.0,15-Mar,14-Apr,5.557518755,28-Mar,12-Apr,6.0,5.0,6.0,5.0,28-Mar,12-Apr,3.764036416
123,HSKA,Heska Corp,127.1800003,False,2009.0,,11-Mar,25-May,7.0,7.0,4.0,4.0,11-Mar,25-May,12.09243692,12-Mar,11-May,8.0,3.0,8.0,3.0,12-Mar,11-May,9.249017076,17-Dec,31-Jan,9.0,2.0,9.0,2.0,17-Dec,31-Jan,8.463227212,2-Nov,2-Dec,9.0,2.0,9.0,2.0,2-Nov,2-Dec,6.583191597000001,16-Apr,1-May,5.0,6.0,5.0,6.0,16-Apr,1-May,6.652526912000001
124,CUBA,Herzfeld Caribbean Basin Fund Inc,4.570000172,False,2009.0,,29-Oct,12-Jan,7.0,7.0,4.0,4.0,9-Feb,24-Apr,-0.62536424,11-Feb,11-Apr,7.0,4.0,7.0,4.0,11-Feb,11-Apr,-1.3740070309999999,13-Nov,28-Dec,5.0,6.0,5.0,6.0,25-Feb,10-Apr,1.029482249,26-Jun,26-Jul,8.0,3.0,8.0,3.0,26-Jun,26-Jul,2.079039433,19-Mar,3-Apr,8.0,3.0,8.0,3.0,19-Mar,3-Apr,3.17017035
125,HT,Hersha Hospitality Trust,7.0399999620000004,False,2009.0,,28-Oct,11-Jan,6.0,6.0,5.0,5.0,27-Oct,10-Jan,6.270516728,29-Oct,28-Dec,4.0,7.0,4.0,7.0,29-Oct,28-Dec,6.36538971,28-Mar,12-May,7.0,4.0,6.0,5.0,28-Oct,12-Dec,5.417483732999999,27-Mar,26-Apr,6.0,5.0,6.0,5.0,28-Mar,27-Apr,6.627027815,18-Apr,3-May,6.0,5.0,5.0,6.0,18-Apr,3-May,4.487899625
126,HERXF,Heroux-Devtek Inc,10.80000019,False,2009.0,,23-Sep,7-Dec,5.0,5.0,6.0,6.0,23-Sep,7-Dec,1.578476174,23-Mar,22-May,5.0,6.0,5.0,6.0,23-Mar,22-May,5.279206932,28-Mar,12-May,5.0,6.0,5.0,6.0,28-Mar,12-May,5.164492858,25-Aug,24-Sep,3.0,8.0,3.0,8.0,25-Aug,24-Sep,4.93436277,26-Dec,10-Jan,4.0,7.0,4.0,7.0,26-Dec,10-Jan,3.0093753469999998
127,HRTX,Heron Therapeutics Inc,18.64999962,False,2009.0,,7-May,21-Jul,7.0,7.0,4.0,4.0,7-May,21-Jul,13.55121928,8-May,7-Jul,8.0,3.0,8.0,3.0,8-May,7-Jul,12.34733897,3-Jan,17-Feb,8.0,3.0,8.0,3.0,3-Jan,17-Feb,9.736068416,13-Oct,12-Nov,7.0,4.0,7.0,4.0,13-Oct,12-Nov,10.62741991,25-Oct,9-Nov,7.0,4.0,7.0,4.0,25-Oct,9-Nov,7.781900136
128,HENC,Hero Technologies Inc,0.047200002000000005,False,2009.0,,23-Apr,7-Jul,7.0,7.0,4.0,4.0,23-Apr,7-Jul,15.166527199999999,2-May,1-Jul,3.0,8.0,3.0,8.0,2-May,1-Jul,18.78272795,23-Apr,7-Jun,3.0,8.0,3.0,8.0,23-Apr,7-Jun,6.626242448999999,2-May,1-Jun,5.0,6.0,5.0,6.0,2-May,1-Jun,20.35827027,27-Feb,13-Mar,7.0,4.0,7.0,4.0,27-Feb,13-Mar,4.916207157
129,HESAF,Hermes International SA,1006.6099849999999,False,2009.0,,27-Mar,10-Jun,7.0,7.0,4.0,4.0,27-Mar,10-Jun,9.711044781,18-Mar,17-May,7.0,4.0,6.0,5.0,18-Mar,17-May,9.414163317,22-Mar,6-May,8.0,3.0,8.0,3.0,22-Mar,6-May,7.428215659,3-Apr,3-May,6.0,5.0,6.0,5.0,3-Apr,3-May,4.455293593,18-Mar,2-Apr,7.0,4.0,7.0,4.0,18-Mar,2-Apr,5.540895411
130,MLHR,Herman Miller Inc,36.79000092,False,2009.0,,7-Oct,21-Dec,5.0,5.0,6.0,6.0,6-Oct,20-Dec,5.840398205,5-Oct,4-Dec,6.0,5.0,6.0,5.0,5-Oct,4-Dec,5.9232408539999994,19-Oct,3-Dec,6.0,5.0,6.0,5.0,18-Oct,2-Dec,3.611465978,4-Nov,4-Dec,5.0,6.0,5.0,6.0,4-Nov,4-Dec,4.736961568,2-Jul,17-Jul,4.0,7.0,4.0,7.0,2-Jul,17-Jul,4.104251124
131,HCCI,Heritage-Crystal Clean Inc,21.54999924,False,2009.0,,22-Aug,5-Nov,6.0,6.0,5.0,5.0,22-Aug,5-Nov,5.632650055,18-May,17-Jul,4.0,7.0,4.0,7.0,18-May,17-Jul,5.726900071,18-Mar,2-May,4.0,7.0,4.0,7.0,18-Mar,2-May,8.790881251,18-Mar,17-Apr,6.0,5.0,6.0,5.0,18-Mar,17-Apr,9.199631429,22-Mar,6-Apr,7.0,4.0,7.0,4.0,22-Mar,6-Apr,7.466512686000001
132,HSBI,Heritage Southeast Bancorporation Inc,12.05000019,False,2009.0,,27-Jul,10-Oct,6.0,6.0,5.0,5.0,27-Jul,10-Oct,9.955888022,8-Jan,8-Mar,7.0,4.0,7.0,4.0,8-Jan,8-Mar,10.38139214,20-Mar,4-May,7.0,4.0,7.0,4.0,20-Mar,4-May,11.03030024,16-Oct,15-Nov,7.0,4.0,7.0,4.0,16-Oct,15-Nov,8.874406014,16-Apr,1-May,7.0,4.0,7.0,4.0,16-Apr,1-May,10.12754548
133,HGBL,Heritage Global Inc,1.6399999859999999,False,2009.0,,29-Jun,12-Sep,5.0,5.0,6.0,6.0,29-Jun,12-Sep,-46.42885854,30-Jun,29-Aug,6.0,5.0,6.0,5.0,30-Jun,29-Aug,11.38980069,30-Jan,15-Mar,3.0,8.0,3.0,8.0,30-Jan,15-Mar,12.82792136,6-Aug,5-Sep,3.0,8.0,3.0,8.0,6-Aug,5-Sep,13.14612593,18-Aug,2-Sep,5.0,6.0,5.0,6.0,18-Aug,2-Sep,13.91234605
134,HFWA,Heritage Financial Corp,24.30999947,False,2009.0,,10-Sep,24-Nov,6.0,6.0,5.0,5.0,15-Aug,29-Oct,2.761133982,30-Oct,29-Dec,6.0,5.0,6.0,5.0,30-Oct,29-Dec,5.281900112,25-Oct,9-Dec,4.0,7.0,4.0,7.0,24-Oct,8-Dec,5.085669812,31-Oct,30-Nov,7.0,4.0,7.0,4.0,31-Oct,30-Nov,4.455382942,28-Oct,12-Nov,6.0,5.0,6.0,5.0,31-Oct,15-Nov,3.202489871
135,HTBK,Heritage Commerce Corp,8.479999542,False,2009.0,,21-Oct,4-Jan,7.0,6.0,4.0,5.0,21-Oct,4-Jan,8.050195119,30-Oct,29-Dec,5.0,6.0,5.0,6.0,30-Oct,29-Dec,7.3730867710000005,11-Nov,26-Dec,4.0,7.0,4.0,7.0,11-Nov,26-Dec,4.245720453000001,30-Mar,29-Apr,4.0,7.0,4.0,7.0,30-Mar,29-Apr,9.386860022999999,14-Apr,29-Apr,4.0,7.0,4.0,7.0,14-Apr,29-Apr,5.864685207000001
136,HTSC,Here To Serve Holding Corp,0.09000000400000001,False,2009.0,,20-Feb,5-May,4.0,4.0,7.0,7.0,20-Feb,5-May,10.68895316,23-Nov,22-Jan,6.0,5.0,6.0,5.0,23-Nov,22-Jan,26.28739441,21-Jul,4-Sep,5.0,6.0,5.0,6.0,21-Jul,4-Sep,16.67577106,5-Aug,4-Sep,6.0,5.0,6.0,5.0,5-Aug,4-Sep,17.69873924,3-Jan,18-Jan,5.0,6.0,5.0,6.0,3-Jan,18-Jan,21.12958549
137,HTGC,Hercules Capital Inc,12.72000027,False,2009.0,,16-Oct,30-Dec,6.0,5.0,5.0,6.0,21-Oct,4-Jan,2.9067009089999996,13-Jun,12-Aug,7.0,4.0,7.0,4.0,13-Jun,12-Aug,4.764678696,17-Mar,1-May,7.0,4.0,7.0,4.0,17-Mar,1-May,7.182220667999999,21-Jun,21-Jul,6.0,5.0,6.0,5.0,21-Jun,21-Jul,4.664006795,18-Apr,3-May,6.0,5.0,6.0,5.0,18-Apr,3-May,3.571010704
138,HRI,Herc Holdings Inc,56.88000107,False,2009.0,,30-Oct,13-Jan,6.0,6.0,5.0,5.0,30-Oct,13-Jan,10.15708839,1-Nov,31-Dec,6.0,5.0,6.0,5.0,1-Nov,31-Dec,9.001123381000001,24-Oct,8-Dec,5.0,6.0,5.0,6.0,24-Oct,8-Dec,8.465613415,31-Oct,30-Nov,6.0,5.0,6.0,5.0,31-Oct,30-Nov,7.729891397,30-Oct,14-Nov,4.0,7.0,4.0,7.0,30-Oct,14-Nov,7.538754922000001
139,HLF,Herbalife Nutrition Ltd,46.93999863,False,2009.0,,3-May,17-Jul,7.0,7.0,4.0,4.0,3-May,17-Jul,10.06658522,14-Mar,13-May,5.0,6.0,5.0,6.0,14-Mar,13-May,11.93047739,16-Mar,30-Apr,4.0,7.0,4.0,7.0,16-Mar,30-Apr,10.20518049,24-May,23-Jun,4.0,7.0,4.0,7.0,24-May,23-Jun,2.4881468769999997,16-Apr,1-May,6.0,5.0,6.0,5.0,16-Apr,1-May,5.647652975
140,HSIC,Henry Schein Inc,64.23999786,False,2009.0,,7-Apr,21-Jun,8.0,8.0,3.0,3.0,7-Apr,21-Jun,6.204687227000001,20-May,19-Jul,8.0,3.0,8.0,3.0,20-May,19-Jul,4.134303796,4-Jun,19-Jul,9.0,2.0,9.0,2.0,4-Jun,19-Jul,3.4949345960000002,24-May,23-Jun,8.0,3.0,8.0,3.0,24-May,23-Jun,2.152822772,20-Nov,5-Dec,9.0,2.0,9.0,2.0,20-Nov,5-Dec,2.1262133569999997
141,HNNA,Hennessy Advisors Inc,9.380000114,False,2009.0,,8-Jul,21-Sep,5.0,3.0,6.0,8.0,8-Jul,21-Sep,5.607834607999999,20-Jul,18-Sep,7.0,4.0,6.0,5.0,20-Jul,18-Sep,5.674787519,25-Oct,9-Dec,9.0,2.0,7.0,4.0,3-Aug,17-Sep,6.902864561,24-May,23-Jun,7.0,4.0,7.0,4.0,24-May,23-Jun,7.20974604,27-May,11-Jun,4.0,7.0,4.0,7.0,27-May,11-Jun,2.8540938810000003
142,HNNMY,Hennes & Mauritz AB,3.970000029,False,2009.0,,6-Jul,19-Sep,4.0,4.0,7.0,7.0,6-Jul,19-Sep,6.606295842000001,5-Jul,3-Sep,5.0,6.0,5.0,6.0,5-Jul,3-Sep,2.419273849,3-Sep,18-Oct,6.0,5.0,6.0,5.0,3-Sep,18-Oct,6.288205039,28-Jun,28-Jul,5.0,6.0,5.0,6.0,28-Jun,28-Jul,4.665674201,4-Sep,19-Sep,2.0,9.0,2.0,9.0,4-Sep,19-Sep,5.117404535
143,HMRZF,Hennes & Mauritz AB,19.35000038,False,2009.0,,17-Mar,31-May,4.0,4.0,7.0,7.0,11-Jul,24-Sep,6.926619256,30-Mar,29-May,5.0,6.0,5.0,6.0,12-Jul,10-Sep,2.4943493919999997,30-Mar,14-May,5.0,6.0,5.0,6.0,16-Jun,31-Jul,5.877807847000001,10-Apr,10-May,4.0,7.0,4.0,7.0,14-Jul,13-Aug,4.457525347,13-Apr,28-Apr,2.0,9.0,2.0,9.0,22-Nov,7-Dec,2.413682466
144,HENOY,Henkel AG & Co KGaA,26.20199966,False,2009.0,,29-May,12-Aug,6.0,6.0,5.0,5.0,29-May,12-Aug,4.672899921,7-Mar,6-May,5.0,6.0,5.0,6.0,4-Oct,3-Dec,5.380799092,12-Mar,26-Apr,4.0,7.0,4.0,7.0,23-Jun,7-Aug,4.085393397,20-Mar,19-Apr,5.0,6.0,5.0,6.0,27-Jun,27-Jul,3.58432117,18-Nov,3-Dec,6.0,5.0,6.0,5.0,18-Nov,3-Dec,3.017718018
145,HENKY,Henkel AG & Co KGaA,23.39999962,False,2009.0,,12-Feb,27-Apr,6.0,6.0,5.0,5.0,26-Sep,10-Dec,4.8804537219999995,31-Jan,31-Mar,5.0,6.0,5.0,6.0,31-Jan,31-Mar,1.456969196,17-Mar,1-May,4.0,7.0,4.0,7.0,20-Mar,4-May,4.081907025,19-Mar,18-Apr,6.0,5.0,6.0,5.0,7-Mar,6-Apr,3.619281632,4-Sep,19-Sep,7.0,4.0,7.0,4.0,4-Sep,19-Sep,3.075741063
146,HELKF,Henkel AG & Co KGaA,94.38999939,False,2009.0,,20-Mar,3-Jun,4.0,4.0,5.0,5.0,31-May,14-Aug,2.570645456,17-Mar,16-May,2.0,6.0,2.0,6.0,31-May,30-Jul,2.8254275389999997,17-Mar,1-May,3.0,5.0,3.0,5.0,12-Jun,27-Jul,2.339227916,19-Mar,18-Apr,4.0,4.0,4.0,4.0,1-Mar,31-Mar,1.137068005,4-Apr,19-Apr,3.0,5.0,3.0,5.0,9-Jul,24-Jul,1.903138449
147,HEGIF,Hengan International Group Co Ltd,7.309999942999999,False,2009.0,,17-Mar,31-May,6.0,6.0,5.0,5.0,25-Feb,10-May,6.935003977,29-Mar,28-May,5.0,6.0,5.0,6.0,24-Feb,24-Apr,8.450532024,14-Mar,28-Apr,5.0,6.0,5.0,6.0,7-Mar,21-Apr,6.5090455039999995,23-Mar,22-Apr,5.0,6.0,5.0,6.0,23-Mar,22-Apr,6.321324682999999,9-Apr,24-Apr,5.0,6.0,5.0,6.0,9-Apr,24-Apr,2.787016564
148,HLDVF,Henderson Land Development Co Ltd,3.779999971,False,2009.0,,24-Mar,7-Jun,4.0,4.0,7.0,7.0,9-Feb,24-Apr,7.983634867,27-Aug,26-Oct,5.0,6.0,5.0,6.0,19-Feb,19-Apr,7.871546624,24-Mar,8-May,5.0,6.0,5.0,6.0,21-Feb,6-Apr,4.550571498,19-Aug,18-Sep,8.0,3.0,8.0,3.0,25-Mar,24-Apr,6.130402085,30-Aug,14-Sep,6.0,5.0,6.0,5.0,7-Jul,22-Jul,3.061524157
149,HLDCY,Henderson Land Development Co Ltd,4.0500001910000005,False,2009.0,,9-Feb,24-Apr,3.0,3.0,8.0,8.0,9-Feb,24-Apr,7.017024193999999,11-Feb,11-Apr,3.0,8.0,3.0,8.0,11-Feb,11-Apr,7.2442013439999995,2-Mar,16-Apr,3.0,8.0,3.0,8.0,2-Mar,16-Apr,7.1774602110000005,20-Mar,19-Apr,7.0,4.0,7.0,4.0,20-Mar,19-Apr,7.91411616,1-Apr,16-Apr,6.0,5.0,6.0,5.0,1-Apr,16-Apr,4.895746366
150,HMGN,Hemagen Diagnostics Inc,0.0071,False,2009.0,,26-Jan,10-Apr,8.0,8.0,3.0,3.0,26-Jan,10-Apr,20.84106541,11-Jan,11-Mar,9.0,2.0,9.0,2.0,11-Jan,11-Mar,22.79865337,26-Jan,11-Mar,8.0,3.0,8.0,3.0,26-Jan,11-Mar,17.78027045,10-May,9-Jun,5.0,6.0,5.0,6.0,10-May,9-Jun,13.68371339,11-Mar,26-Mar,4.0,7.0,4.0,7.0,11-Mar,26-Mar,11.11275018
151,HP,Helmerich & Payne Inc,19.77000046,False,2009.0,,6-Sep,20-Nov,6.0,6.0,5.0,5.0,1-Oct,15-Dec,6.806194004,21-Dec,19-Feb,8.0,3.0,8.0,3.0,29-Oct,28-Dec,5.4648417910000004,13-Nov,28-Dec,6.0,5.0,5.0,6.0,13-Nov,28-Dec,5.405706976,28-Mar,27-Apr,6.0,5.0,6.0,5.0,28-Mar,27-Apr,8.785137562000001,8-Feb,23-Feb,8.0,3.0,8.0,3.0,4-Sep,19-Sep,5.365051685
152,HLLXF,Hellix Ventures Inc,0.0007,False,2009.0,,2-Jul,15-Sep,7.0,7.0,4.0,4.0,2-Jul,15-Sep,23.76085708,29-Jun,28-Aug,6.0,5.0,6.0,5.0,29-Jun,28-Aug,19.4272843,20-Jan,5-Mar,7.0,4.0,7.0,4.0,20-Jan,5-Mar,19.95462968,5-Feb,6-Mar,6.0,5.0,6.0,5.0,5-Feb,6-Mar,24.53517618,18-Feb,4-Mar,7.0,4.0,7.0,4.0,18-Feb,4-Mar,27.15583134
153,HLTOY,Hellenic Telecommunication Organization SA,7.570000172,False,2009.0,,11-Jul,24-Sep,5.0,5.0,6.0,6.0,30-Oct,13-Jan,2.121872501,12-Nov,11-Jan,5.0,6.0,5.0,6.0,12-Nov,11-Jan,5.0426874360000005,16-Jun,31-Jul,6.0,5.0,6.0,5.0,11-Dec,25-Jan,4.480281637,19-Dec,18-Jan,7.0,4.0,7.0,4.0,19-Dec,18-Jan,5.757580342000001,29-Sep,14-Oct,6.0,5.0,6.0,5.0,29-Sep,14-Oct,3.715274146
154,HLX,Helix Energy Solutions Group Inc,3.4200000760000004,False,2009.0,,21-Feb,6-May,5.0,5.0,6.0,6.0,21-Feb,6-May,-3.8588849460000003,15-Mar,14-May,5.0,6.0,5.0,6.0,15-Mar,14-May,13.24425492,22-Mar,6-May,4.0,7.0,4.0,7.0,22-Mar,6-May,12.54997051,3-Apr,3-May,3.0,8.0,3.0,8.0,3-Apr,3-May,14.65238975,1-Oct,16-Oct,5.0,6.0,5.0,6.0,1-Oct,16-Oct,7.96052636
155,HBPCF,Helix BioPharma Corp,0.25,False,2009.0,,1-Jul,14-Sep,3.0,3.0,8.0,8.0,1-Jul,14-Sep,2.1227195009999997,26-Nov,25-Jan,3.0,8.0,3.0,8.0,26-Nov,25-Jan,5.255957217,3-Aug,17-Sep,2.0,9.0,2.0,9.0,3-Aug,17-Sep,4.936371232,15-Aug,14-Sep,3.0,8.0,3.0,8.0,15-Aug,14-Sep,7.711726873,25-Aug,9-Sep,1.0,10.0,1.0,10.0,25-Aug,9-Sep,6.281475196000001
156,HXBM,Helix Biomedix,25.0,False,2009.0,,14-Jun,28-Aug,4.0,4.0,7.0,7.0,14-Jun,28-Aug,5.408628761,28-Jun,27-Aug,4.0,7.0,4.0,7.0,28-Jun,27-Aug,10.08112139,20-Dec,3-Feb,5.0,6.0,5.0,6.0,20-Dec,3-Feb,6.243370555,19-Jul,18-Aug,3.0,8.0,3.0,8.0,19-Jul,18-Aug,9.232356552999999,27-Dec,11-Jan,3.0,8.0,3.0,8.0,27-Dec,11-Jan,1.673967285
157,BLVDF,Helix Applications Inc,0.092,False,2010.0,,31-Aug,14-Nov,2.0,2.0,8.0,8.0,31-Aug,14-Nov,15.91888707,10-Sep,9-Nov,2.0,8.0,2.0,8.0,10-Sep,9-Nov,-1706.619663,26-Aug,10-Oct,3.0,7.0,3.0,7.0,26-Aug,10-Oct,-1705.555693,10-Sep,10-Oct,1.0,9.0,1.0,9.0,10-Sep,10-Oct,-1705.555693,5-Sep,20-Sep,1.0,9.0,1.0,9.0,5-Sep,20-Sep,11.5454425
158,HLIO,Helios Technologies Inc,48.63000107,False,2009.0,,25-Sep,9-Dec,8.0,8.0,3.0,3.0,26-Sep,10-Dec,8.431626321,11-Oct,10-Dec,5.0,6.0,5.0,6.0,11-Oct,10-Dec,8.501724203,19-Oct,3-Dec,5.0,6.0,5.0,6.0,19-Oct,3-Dec,8.386271562000001,16-Oct,15-Nov,4.0,7.0,4.0,7.0,16-Oct,15-Nov,7.0051057960000005,12-Apr,27-Apr,5.0,6.0,5.0,6.0,12-Apr,27-Apr,2.347086726
159,HELE,Helen Of Troy Ltd,197.7700043,False,2009.0,,16-Oct,30-Dec,7.0,7.0,4.0,4.0,16-Oct,30-Dec,6.75373286,30-Oct,29-Dec,6.0,5.0,6.0,5.0,30-Oct,29-Dec,6.566224772999999,30-Oct,14-Dec,6.0,5.0,6.0,5.0,30-Oct,14-Dec,3.9783821880000003,8-Nov,8-Dec,8.0,3.0,8.0,3.0,8-Nov,8-Dec,3.1386464610000004,19-Mar,3-Apr,9.0,2.0,9.0,2.0,19-Mar,3-Apr,2.431055316
160,HINKF,Heineken NV,108.5,False,2010.0,,10-Feb,25-Apr,7.0,7.0,3.0,3.0,8-Feb,23-Apr,6.210543526,12-Jan,12-Mar,8.0,2.0,8.0,2.0,12-Jan,12-Mar,6.469078801,11-Feb,27-Mar,7.0,3.0,7.0,3.0,11-Feb,27-Mar,3.315682316,15-Mar,14-Apr,7.0,3.0,7.0,3.0,15-Mar,14-Apr,3.06422338,11-Feb,26-Feb,3.0,7.0,3.0,7.0,11-Feb,26-Feb,3.839009688
161,HEINY,Heineken NV,54.14749908,False,2009.0,,7-Feb,22-Apr,9.0,9.0,2.0,2.0,7-Feb,22-Apr,5.468343201000001,10-Feb,10-Apr,7.0,4.0,7.0,4.0,10-Feb,10-Apr,5.540393827000001,7-Jan,21-Feb,6.0,5.0,6.0,5.0,7-Jan,21-Feb,4.84460748,27-Jun,27-Jul,7.0,4.0,7.0,4.0,27-Jun,27-Jul,4.547769778999999,12-Jul,27-Jul,5.0,6.0,5.0,6.0,12-Jul,27-Jul,2.724901504
162,HKHHF,Heineken Holding NV,95.94999695,False,2009.0,,10-Feb,25-Apr,8.0,8.0,3.0,3.0,7-Feb,22-Apr,4.507961161,11-Feb,11-Apr,7.0,4.0,7.0,4.0,11-Feb,11-Apr,5.899354735,13-Jun,28-Jul,6.0,5.0,6.0,5.0,13-Jun,28-Jul,4.802370105,28-Jun,28-Jul,8.0,3.0,8.0,3.0,28-Jun,28-Jul,4.152768251,10-Feb,25-Feb,7.0,4.0,7.0,4.0,10-Feb,25-Feb,3.573736573
163,HSII,Heidrick & Struggles International Inc,25.31999969,False,2009.0,,11-Oct,25-Dec,4.0,4.0,7.0,7.0,12-Oct,26-Dec,17.28511912,26-Oct,25-Dec,4.0,7.0,4.0,7.0,26-Oct,25-Dec,15.54228923,26-Sep,10-Nov,4.0,7.0,3.0,8.0,26-Sep,10-Nov,10.99922044,12-Oct,11-Nov,4.0,7.0,4.0,7.0,9-Oct,8-Nov,9.281015733,26-Oct,10-Nov,5.0,6.0,5.0,6.0,26-Oct,10-Nov,8.027419985
164,HBGRY,Heidelberger Druckmaschinen AG,0.382499993,False,2010.0,,17-Dec,2-Mar,4.0,4.0,6.0,6.0,17-Dec,2-Mar,2.699581195,2-Jan,2-Mar,5.0,5.0,5.0,5.0,2-Jan,2-Mar,2.699581195,9-Jan,23-Feb,5.0,5.0,5.0,5.0,9-Jan,23-Feb,2.691213807,9-Jan,8-Feb,5.0,5.0,5.0,5.0,9-Jan,8-Feb,2.7774058939999997,2-Jan,17-Jan,4.0,6.0,4.0,6.0,2-Jan,17-Jan,2.038503922
165,HLBZF,HeidelbergCement AG,69.05999756,False,2010.0,,12-Sep,26-Nov,6.0,6.0,4.0,4.0,12-Sep,26-Nov,5.746256115,16-Mar,15-May,6.0,4.0,6.0,4.0,4-Oct,3-Dec,6.473835791,10-Oct,24-Nov,7.0,3.0,7.0,3.0,10-Oct,24-Nov,5.672044531,15-Oct,14-Nov,8.0,2.0,8.0,2.0,11-Oct,10-Nov,5.1501431769999995,26-Oct,10-Nov,4.0,6.0,4.0,6.0,26-Oct,10-Nov,3.4475215489999997
166,HDELY,HeidelbergCement AG,14.01000023,False,2010.0,,25-Sep,9-Dec,7.0,7.0,3.0,3.0,25-Sep,9-Dec,4.567217905,11-Oct,10-Dec,7.0,3.0,7.0,3.0,11-Oct,10-Dec,4.311050551,28-Mar,12-May,7.0,3.0,7.0,3.0,28-Mar,12-May,2.5873393609999997,8-Feb,9-Mar,8.0,2.0,8.0,2.0,8-Feb,9-Mar,3.1802547239999996,26-Oct,10-Nov,5.0,5.0,5.0,5.0,26-Oct,10-Nov,3.326319028
167,HEI,Heico Corp,134.28999330000002,False,2009.0,,25-Oct,8-Jan,8.0,8.0,3.0,3.0,25-Oct,8-Jan,7.993794065,7-May,6-Jul,7.0,4.0,7.0,4.0,7-May,6-Jul,8.19299119,30-Oct,14-Dec,9.0,2.0,9.0,2.0,30-Oct,14-Dec,6.060463529,30-Oct,29-Nov,5.0,6.0,5.0,6.0,30-Oct,29-Nov,4.720503578,22-May,6-Jun,6.0,5.0,6.0,5.0,22-May,6-Jun,6.985445822000001
168,HL,Hecla Mining Co,5.010000229,False,2009.0,,27-Jun,10-Sep,4.0,4.0,7.0,7.0,27-Jun,10-Sep,5.639231779,13-Nov,12-Jan,5.0,6.0,5.0,6.0,13-Nov,12-Jan,9.094182444,7-Aug,21-Sep,5.0,6.0,5.0,6.0,7-Aug,21-Sep,7.38790189,30-Mar,29-Apr,4.0,7.0,4.0,7.0,30-Mar,29-Apr,6.37700634,31-Mar,15-Apr,7.0,4.0,7.0,4.0,31-Mar,15-Apr,5.169979922
169,HTLF,Heartland Financial USA Inc,39.5,False,2009.0,,22-May,5-Aug,7.0,7.0,4.0,4.0,22-May,5-Aug,8.94569016,1-Jun,31-Jul,6.0,5.0,5.0,6.0,1-Jun,31-Jul,6.46027357,24-Jun,8-Aug,4.0,7.0,4.0,7.0,24-Jun,8-Aug,6.397249496000001,6-Jul,5-Aug,7.0,4.0,7.0,4.0,6-Jul,5-Aug,5.128166858999999,16-Apr,1-May,6.0,5.0,6.0,5.0,16-Apr,1-May,6.26453652
170,HTLD,Heartland Express Inc,19.18000031,False,2009.0,,29-Oct,12-Jan,7.0,7.0,4.0,4.0,21-May,4-Aug,2.004495796,31-Oct,30-Dec,8.0,3.0,8.0,3.0,1-Oct,30-Nov,4.212941614,25-Jun,9-Aug,6.0,5.0,6.0,5.0,22-Jun,6-Aug,3.793816505,1-Nov,1-Dec,5.0,6.0,5.0,6.0,1-Nov,1-Dec,6.334747096,31-Oct,15-Nov,5.0,6.0,5.0,6.0,31-Oct,15-Nov,4.425378982
171,HLAN,Heartland Bancorp,71.5,False,2009.0,,19-Feb,4-May,10.0,10.0,1.0,1.0,29-Sep,13-Dec,7.877072721,18-May,17-Jul,8.0,3.0,8.0,3.0,17-May,16-Jul,7.241691304,6-Jun,21-Jul,9.0,2.0,9.0,2.0,28-Dec,11-Feb,6.182516262,17-Jun,17-Jul,8.0,3.0,8.0,3.0,24-Jun,24-Jul,6.297936846,2-Jul,17-Jul,9.0,2.0,9.0,2.0,2-Jul,17-Jul,6.746900476
172,HRTT,Heart Tronics Inc,0.215000004,False,2009.0,,23-Aug,6-Nov,1.0,1.0,10.0,10.0,23-Aug,6-Nov,-61.56234033,23-Aug,22-Oct,1.0,10.0,1.0,10.0,23-Aug,22-Oct,-61.53501243,17-Mar,1-May,0.0,11.0,0.0,11.0,17-Mar,1-May,35.69964688,4-Apr,4-May,0.0,11.0,0.0,11.0,4-Apr,4-May,19.92999467,24-Aug,8-Sep,0.0,11.0,0.0,11.0,24-Aug,8-Sep,-51.29093427
173,HRAL,Hear AtLast Holdings Inc,0.00825,False,2009.0,,27-Dec,12-Mar,4.0,4.0,7.0,7.0,27-Dec,12-Mar,3.792603026,29-Dec,27-Feb,6.0,5.0,6.0,5.0,29-Dec,27-Feb,-6.5888129939999995,12-Dec,26-Jan,5.0,6.0,5.0,6.0,12-Dec,26-Jan,7.045276437999999,21-Dec,20-Jan,4.0,7.0,4.0,7.0,21-Dec,20-Jan,8.771690454,2-Jun,17-Jun,4.0,7.0,4.0,7.0,2-Jun,17-Jun,1.190842641
174,HEWA,HealthWarehouse.com Inc,0.152600005,False,2009.0,,25-Mar,8-Jun,6.0,6.0,5.0,5.0,25-Mar,8-Jun,11.74723402,19-Feb,19-Apr,5.0,6.0,5.0,6.0,19-Feb,19-Apr,5.289172053,26-Mar,10-May,7.0,4.0,7.0,4.0,26-Mar,10-May,17.1740496,23-Dec,22-Jan,8.0,3.0,8.0,3.0,23-Dec,22-Jan,4.006062035,22-Apr,7-May,6.0,5.0,6.0,5.0,22-Apr,7-May,8.098420399
175,HSTM,HealthStream Inc,19.05999947,False,2009.0,,27-Mar,10-Jun,4.0,4.0,7.0,7.0,27-Mar,10-Jun,12.62126877,25-Aug,24-Oct,3.0,8.0,3.0,8.0,25-Aug,24-Oct,5.53063378,30-Apr,14-Jun,1.0,10.0,1.0,10.0,30-Apr,14-Jun,8.791028811,15-May,14-Jun,4.0,7.0,4.0,7.0,15-May,14-Jun,6.283653179,30-May,14-Jun,5.0,6.0,5.0,6.0,30-May,14-Jun,3.691487931
176,PEAK,Healthpeak Properties Inc,30.35000038,False,2009.0,,6-Mar,20-May,6.0,5.0,5.0,6.0,12-Nov,26-Jan,4.784702327,22-Mar,21-May,6.0,5.0,6.0,5.0,7-Mar,6-May,4.055914823999999,19-Mar,3-May,6.0,5.0,5.0,6.0,19-Mar,3-May,7.023099029,8-Mar,7-Apr,6.0,5.0,6.0,5.0,8-Mar,7-Apr,-0.039102772,10-Jul,25-Jul,6.0,5.0,6.0,5.0,10-Jul,25-Jul,2.175837506
177,VRTY,Healthcare Solutions Management Group Inc,0.050000000999999995,False,2009.0,,18-Dec,3-Mar,5.0,5.0,6.0,6.0,18-Dec,3-Mar,-14.23010629,18-Apr,17-Jun,4.0,7.0,4.0,7.0,18-Apr,17-Jun,15.67435506,29-Oct,13-Dec,4.0,6.0,4.0,6.0,29-Oct,13-Dec,-1.167805116,15-May,14-Jun,5.0,5.0,5.0,5.0,15-May,14-Jun,23.49104039,17-Aug,1-Sep,5.0,4.0,5.0,4.0,17-Aug,1-Sep,19.41714892
178,HCSG,Healthcare Services Group Inc,23.31999969,False,2009.0,,10-Sep,24-Nov,7.0,7.0,4.0,4.0,10-Sep,24-Nov,6.733291687,13-Aug,12-Oct,8.0,3.0,8.0,3.0,13-Aug,12-Oct,4.280441209,9-Sep,24-Oct,7.0,4.0,7.0,4.0,9-Sep,24-Oct,6.821148652000001,30-Aug,29-Sep,7.0,4.0,7.0,4.0,30-Aug,29-Sep,4.339475406,11-Sep,26-Sep,6.0,5.0,6.0,5.0,11-Sep,26-Sep,1.6591805290000001
179,HR,Healthcare Realty Trust Inc,30.70999908,False,2009.0,,12-Nov,26-Jan,9.0,8.0,2.0,3.0,12-Nov,26-Jan,5.054733837,23-Nov,22-Jan,9.0,2.0,9.0,2.0,23-Nov,22-Jan,3.6392394689999996,19-Mar,3-May,8.0,3.0,8.0,3.0,19-Mar,3-May,4.08739485,15-Mar,14-Apr,8.0,3.0,8.0,3.0,15-Mar,14-Apr,4.072658294,15-Jan,30-Jan,8.0,3.0,8.0,3.0,15-Jan,30-Jan,2.7998493410000003
180,CDDRF,Headwater Exploration Inc,1.299999952,False,2009.0,,23-Oct,6-Jan,4.0,4.0,7.0,7.0,23-Oct,6-Jan,-2.780059736,5-Oct,4-Dec,5.0,6.0,5.0,6.0,5-Oct,4-Dec,5.463135341,16-Jun,31-Jul,4.0,7.0,4.0,7.0,16-Jun,31-Jul,3.515766063,9-Dec,8-Jan,4.0,7.0,4.0,7.0,9-Dec,8-Jan,3.963154114,28-Oct,12-Nov,5.0,6.0,5.0,6.0,28-Oct,12-Nov,7.1350744420000005
181,HDUP,HeadsUp Entertainment International Inc,0.079999998,False,2010.0,,22-Mar,5-Jun,4.0,4.0,6.0,6.0,22-Mar,5-Jun,38.37084225,6-Apr,5-Jun,6.0,4.0,6.0,4.0,6-Apr,5-Jun,42.96256282,21-Apr,5-Jun,4.0,6.0,4.0,6.0,21-Apr,5-Jun,41.59005629999999,21-Apr,21-May,6.0,4.0,6.0,4.0,21-Apr,21-May,31.70184806,12-Apr,27-Apr,4.0,6.0,4.0,6.0,12-Apr,27-Apr,18.445005300000002
182,HDB,HDFC Bank Ltd,67.16000366,False,2009.0,,7-May,21-Jul,6.0,6.0,5.0,5.0,7-May,21-Jul,8.641747909,23-May,22-Jul,3.0,8.0,3.0,8.0,23-May,22-Jul,9.514692555,23-May,7-Jul,3.0,8.0,3.0,8.0,23-May,7-Jul,8.369527015,23-Mar,22-Apr,4.0,7.0,4.0,7.0,23-Mar,22-Apr,6.937655798,23-Mar,7-Apr,4.0,7.0,4.0,7.0,23-Mar,7-Apr,5.045205346
183,HCI,HCI Group Inc,51.79000092,False,2009.0,,16-Sep,30-Nov,7.0,7.0,4.0,4.0,18-Sep,2-Dec,7.715890109,19-Sep,18-Nov,7.0,4.0,6.0,5.0,19-Sep,18-Nov,8.519070719,30-Sep,14-Nov,7.0,4.0,7.0,4.0,30-Sep,14-Nov,6.393807431,10-Oct,9-Nov,7.0,4.0,7.0,4.0,10-Oct,9-Nov,3.839540467,3-Feb,18-Feb,7.0,4.0,7.0,4.0,3-Feb,18-Feb,3.16029569
184,HCBN,HCB Financial Corp,21.5,False,2009.0,,25-Sep,9-Dec,6.0,6.0,5.0,5.0,20-Mar,3-Jun,3.1331642960000003,12-Sep,11-Nov,7.0,4.0,7.0,4.0,20-Mar,19-May,4.463706161,20-Sep,4-Nov,6.0,5.0,6.0,5.0,20-Mar,4-May,4.794263502,27-Mar,26-Apr,5.0,6.0,5.0,6.0,5-Oct,4-Nov,3.814727656,27-Mar,11-Apr,4.0,7.0,4.0,7.0,15-Oct,30-Oct,3.003913358
185,HCHC,HC2 Holdings Inc,2.289999962,False,2009.0,,28-May,11-Aug,3.0,8.0,8.0,3.0,10-Apr,24-Jun,9.281194747,1-Jun,31-Jul,4.0,7.0,7.0,4.0,16-Mar,15-May,7.829041106,21-Jun,5-Aug,4.0,7.0,7.0,4.0,19-Dec,2-Feb,8.007529459,9-Jul,8-Aug,4.0,7.0,7.0,4.0,19-Dec,18-Jan,7.4666515229999995,19-Jul,3-Aug,4.0,7.0,7.0,4.0,29-Dec,13-Jan,6.307869557
186,HAZH,Haz Holdings Inc,0.006,False,2009.0,,24-Dec,9-Mar,7.0,7.0,4.0,4.0,24-Dec,9-Mar,33.69432369,8-Jun,7-Aug,5.0,6.0,5.0,6.0,8-Jun,7-Aug,21.20875103,1-Nov,16-Dec,4.0,7.0,4.0,7.0,1-Nov,16-Dec,13.11351323,8-Jul,7-Aug,2.0,8.0,2.0,8.0,8-Jul,7-Aug,17.28018039,22-Jul,6-Aug,1.0,9.0,1.0,9.0,22-Jul,6-Aug,8.599624956
187,HAYPF,Hays PLC,1.4500000480000002,False,2010.0,,27-Aug,10-Nov,7.0,5.0,3.0,5.0,24-Nov,7-Feb,7.416533635,6-Sep,5-Nov,5.0,5.0,5.0,5.0,9-Dec,7-Feb,7.228307905,18-Sep,2-Nov,4.0,6.0,4.0,6.0,13-Dec,27-Jan,5.882546157999999,1-Oct,31-Oct,4.0,6.0,4.0,6.0,1-Mar,31-Mar,-1.854953087,2-Oct,17-Oct,3.0,7.0,3.0,7.0,16-Dec,31-Dec,3.455314708
188,HAYN,Haynes International Inc,20.95000076,False,2009.0,,19-Jan,3-Apr,6.0,6.0,5.0,5.0,19-Jan,3-Apr,4.214855713,30-Jan,30-Mar,5.0,6.0,5.0,6.0,30-Jan,30-Mar,5.849892633,25-Oct,9-Dec,5.0,6.0,5.0,6.0,14-Mar,28-Apr,6.601873299999999,12-Mar,11-Apr,4.0,7.0,4.0,7.0,12-Mar,11-Apr,3.5631027680000003,22-Jan,6-Feb,6.0,5.0,6.0,5.0,22-Jan,6-Feb,4.003294505
189,HWBK,Hawthorn Bancshares Inc,20.61000061,False,2009.0,,4-Sep,18-Nov,7.0,7.0,4.0,4.0,23-Aug,6-Nov,0.44074759700000005,30-Mar,29-May,7.0,4.0,7.0,4.0,30-Mar,29-May,3.6089488810000003,15-Mar,29-Apr,8.0,3.0,8.0,3.0,15-Mar,29-Apr,4.044906096,21-Aug,20-Sep,8.0,3.0,8.0,3.0,21-Aug,20-Sep,3.5678493330000003,5-Sep,20-Sep,8.0,3.0,8.0,3.0,5-Sep,20-Sep,3.0453042189999997
190,HWKN,Hawkins Inc,52.18999863,False,2009.0,,7-Apr,21-Jun,3.0,3.0,8.0,8.0,7-Apr,21-Jun,6.476425265,2-Oct,1-Dec,3.0,8.0,3.0,8.0,2-Oct,1-Dec,6.063054134,9-Nov,24-Dec,2.0,9.0,2.0,9.0,9-Nov,24-Dec,4.921456772,22-May,21-Jun,4.0,7.0,4.0,7.0,22-May,21-Jun,3.8606997260000004,15-Mar,30-Mar,4.0,7.0,4.0,7.0,6-Sep,21-Sep,3.124817544
191,NNUTU,Hawaiian Macadamia Nut Orchards LP,4150.0,False,2009.0,,26-May,9-Aug,4.0,4.0,6.0,6.0,26-May,9-Aug,3.7798406289999997,10-Jun,9-Aug,4.0,6.0,4.0,6.0,10-Jun,9-Aug,2.9497762880000002,14-May,28-Jun,4.0,6.0,4.0,6.0,14-May,28-Jun,2.801663731,29-May,28-Jun,3.0,7.0,3.0,7.0,29-May,28-Jun,3.201104843,18-Mar,2-Apr,4.0,6.0,4.0,6.0,18-Mar,2-Apr,1.098799591
192,HA,Hawaiian Holdings Inc,19.38999939,False,2009.0,,20-Sep,4-Dec,4.0,4.0,7.0,7.0,22-Sep,6-Dec,14.73015683,5-Oct,4-Dec,4.0,7.0,4.0,7.0,5-Oct,4-Dec,16.71087182,25-Oct,9-Dec,4.0,7.0,4.0,7.0,25-Oct,9-Dec,11.0871094,4-Nov,4-Dec,4.0,7.0,4.0,7.0,4-Nov,4-Dec,10.05908659,31-Oct,15-Nov,7.0,4.0,7.0,4.0,31-Oct,15-Nov,4.873183292
193,HE,Hawaiian Electric Industries Inc,37.36000061,False,2009.0,,21-Oct,4-Jan,6.0,5.0,5.0,6.0,6-Oct,20-Dec,6.020469235,21-Oct,20-Dec,8.0,3.0,6.0,5.0,10-Sep,9-Nov,3.9182243260000003,5-Nov,20-Dec,8.0,3.0,8.0,3.0,21-Mar,5-May,2.666315236,12-Nov,12-Dec,5.0,6.0,5.0,6.0,1-Apr,1-May,2.167424352,7-Mar,22-Mar,5.0,6.0,5.0,6.0,7-Mar,22-Mar,4.176419771
194,HAWPF,Haw Par Corp Ltd,7.159999847000001,False,2009.0,,26-Feb,11-May,6.0,6.0,5.0,5.0,26-Feb,11-May,6.852447014,22-Mar,21-May,6.0,5.0,6.0,5.0,11-Mar,10-May,6.816238068,4-Apr,19-May,6.0,5.0,6.0,5.0,18-Mar,2-May,5.077293207,16-Mar,15-Apr,5.0,6.0,5.0,6.0,16-Mar,15-Apr,3.6388664719999997,22-Apr,7-May,5.0,6.0,5.0,6.0,22-Apr,7-May,2.3421113609999997
195,HVT,Haverty Furniture Companies Inc,30.34000015,False,2009.0,,22-Sep,6-Dec,5.0,5.0,6.0,6.0,22-Sep,6-Dec,8.427262093,7-Oct,6-Dec,5.0,6.0,5.0,6.0,1-Oct,30-Nov,7.584172417,17-Oct,1-Dec,5.0,6.0,5.0,6.0,17-Oct,1-Dec,5.930539088,2-Nov,2-Dec,5.0,6.0,5.0,6.0,2-Nov,2-Dec,5.188835541,31-Jul,15-Aug,4.0,7.0,4.0,7.0,31-Jul,15-Aug,6.281160202000001
196,HAUP,Hauppauge Digital Inc,0.059999999000000005,False,2009.0,,7-Mar,21-May,5.0,5.0,6.0,6.0,7-Mar,21-May,9.723676149,9-Mar,8-May,8.0,3.0,8.0,3.0,9-Mar,8-May,7.417626201,7-Mar,21-Apr,5.0,6.0,5.0,6.0,7-Mar,21-Apr,14.84513324,10-Jul,9-Aug,4.0,7.0,4.0,7.0,10-Jul,9-Aug,17.25212273,9-Mar,24-Mar,5.0,6.0,5.0,6.0,9-Mar,24-Mar,15.01241562
197,HAS,Hasbro Inc,92.08000183,False,2009.0,,16-Mar,30-May,7.0,7.0,4.0,4.0,28-Feb,13-May,5.5196300560000005,16-Mar,15-May,9.0,2.0,9.0,2.0,21-Mar,20-May,7.532291405,17-Mar,1-May,8.0,3.0,8.0,3.0,17-Mar,1-May,9.072722244,6-Apr,6-May,7.0,4.0,7.0,4.0,7-Apr,7-May,4.489163231,21-Mar,5-Apr,6.0,5.0,6.0,5.0,21-Mar,5-Apr,3.569004292
198,HBIO,Harvard Bioscience Inc,4.0,False,2009.0,,17-Jan,1-Apr,6.0,6.0,5.0,5.0,17-Jan,1-Apr,7.966738347000001,10-Dec,8-Feb,7.0,4.0,7.0,4.0,10-Dec,8-Feb,7.980110464,13-Mar,27-Apr,6.0,5.0,6.0,5.0,13-Mar,27-Apr,6.530155736,1-Feb,2-Mar,5.0,6.0,5.0,6.0,1-Feb,2-Mar,3.3408021,7-Sep,22-Sep,6.0,5.0,6.0,5.0,7-Sep,22-Sep,3.287854058
199,HRTH,Harte-Hanks Inc,2.299999952,False,2009.0,,8-Dec,21-Feb,6.0,6.0,5.0,5.0,8-Dec,21-Feb,6.607012011,9-Nov,8-Jan,7.0,4.0,7.0,4.0,9-Nov,8-Jan,-2.084711637,12-Nov,27-Dec,6.0,5.0,6.0,5.0,12-Nov,27-Dec,-2.802019677,14-Dec,13-Jan,5.0,6.0,5.0,6.0,14-Dec,13-Jan,3.6538661460000004,19-Dec,3-Jan,7.0,4.0,7.0,4.0,19-Dec,3-Jan,0.8463993609999999
200,HSC,Harsco Corp,16.72999954,False,2009.0,,5-May,19-Jul,5.0,5.0,6.0,6.0,7-Mar,21-May,9.842990715,15-Mar,14-May,5.0,6.0,5.0,6.0,15-Mar,14-May,9.647619416,14-Mar,28-Apr,4.0,7.0,4.0,7.0,18-Apr,2-Jun,6.332175604,20-Aug,19-Sep,4.0,7.0,3.0,8.0,7-May,6-Jun,6.485691253,3-Sep,18-Sep,5.0,6.0,5.0,6.0,4-Sep,19-Sep,5.427854694
201,HROW,Harrow Health Inc,6.4499998089999995,False,2009.0,,10-Apr,24-Jun,5.0,5.0,6.0,6.0,10-Apr,24-Jun,13.66271261,11-May,10-Jul,5.0,6.0,5.0,6.0,11-May,10-Jul,14.65056247,10-May,24-Jun,2.0,9.0,2.0,9.0,10-May,24-Jun,12.05541165,14-May,13-Jun,3.0,8.0,3.0,8.0,14-May,13-Jun,8.180027259,10-Apr,25-Apr,5.0,6.0,5.0,6.0,10-Apr,25-Apr,9.456767657
202,HXPN,Harris Exploration Inc,0.027000001000000003,False,2009.0,,27-Jun,10-Sep,5.0,2.0,6.0,9.0,27-Jun,10-Sep,-25.93022788,26-Mar,25-May,5.0,5.0,2.0,8.0,6-Jun,5-Aug,12.11318353,22-Oct,6-Dec,3.0,7.0,2.0,8.0,26-May,10-Jul,19.48981876,27-Jun,27-Jul,3.0,7.0,4.0,6.0,11-Jun,11-Jul,14.00703086,7-Jul,22-Jul,2.0,7.0,3.0,6.0,26-Jun,11-Jul,21.02772027
203,HGMCF,Harmony Gold Mining Co Ltd,5.769999981000001,False,2009.0,,9-Jun,23-Aug,5.0,5.0,6.0,6.0,9-Jun,23-Aug,5.180932501,19-Jul,17-Sep,5.0,6.0,5.0,6.0,24-Jun,23-Aug,5.077400437,22-May,6-Jul,5.0,6.0,5.0,6.0,22-May,6-Jul,-2.629707353,8-Nov,8-Dec,5.0,6.0,5.0,6.0,8-Nov,8-Dec,3.1519902010000003,5-Oct,20-Oct,3.0,8.0,3.0,8.0,6-Jan,21-Jan,6.9213530379999995
204,HMY,Harmony Gold Mining Co Ltd,4.559999943,False,2009.0,,28-Jun,11-Sep,4.0,4.0,7.0,7.0,28-Jun,11-Sep,12.84476678,16-Jun,15-Aug,8.0,3.0,8.0,3.0,16-Jun,15-Aug,9.961741942,23-Jun,7-Aug,6.0,5.0,6.0,5.0,23-Jun,7-Aug,8.071188927,7-Jul,6-Aug,5.0,6.0,5.0,6.0,7-Jul,6-Aug,4.461934783,21-Dec,5-Jan,6.0,5.0,6.0,5.0,21-Dec,5-Jan,5.7281038539999996
205,HLIT,Harmonic Inc,6.3699998860000004,False,2009.0,,27-Aug,10-Nov,7.0,7.0,4.0,4.0,27-Aug,10-Nov,4.683625325,28-Jan,28-Mar,7.0,4.0,7.0,4.0,28-Jan,28-Mar,1.669733451,21-Jan,6-Mar,6.0,5.0,6.0,5.0,21-Jan,6-Mar,3.471260607,29-Mar,28-Apr,5.0,6.0,5.0,6.0,29-Mar,28-Apr,3.446515096,18-Nov,3-Dec,5.0,6.0,5.0,6.0,18-Nov,3-Dec,2.9801385639999998
206,HARL,Harleysville Financial Corp,21.75,False,2009.0,,12-Sep,26-Nov,8.0,8.0,3.0,3.0,19-Dec,4-Mar,4.949072608,12-Apr,11-Jun,9.0,2.0,8.0,3.0,12-Apr,11-Jun,5.300039674,20-Oct,4-Dec,8.0,3.0,7.0,4.0,20-Oct,4-Dec,2.9649561589999998,29-Apr,29-May,6.0,5.0,6.0,5.0,5-Nov,5-Dec,3.1829257930000003,6-Nov,21-Nov,7.0,4.0,7.0,4.0,6-Nov,21-Nov,2.0821234509999997
207,HOG,Harley-Davidson Inc,36.0,False,2009.0,,25-Sep,9-Dec,7.0,7.0,4.0,4.0,25-Sep,9-Dec,9.177388322,10-Oct,9-Dec,4.0,7.0,4.0,7.0,10-Oct,9-Dec,8.681846787000001,7-Oct,21-Nov,4.0,7.0,4.0,7.0,7-Oct,21-Nov,7.692631763,7-Oct,6-Nov,6.0,5.0,6.0,5.0,7-Oct,6-Nov,5.839640771,4-Feb,19-Feb,6.0,5.0,6.0,5.0,4-Feb,19-Feb,1.590371075
208,HFBK,Harford Bank,21.88999939,False,2009.0,,14-Dec,27-Feb,7.0,7.0,4.0,4.0,14-Dec,27-Feb,5.096125074,14-Dec,12-Feb,6.0,5.0,6.0,5.0,16-Dec,14-Feb,4.862567816,13-Mar,27-Apr,8.0,3.0,8.0,3.0,6-Jan,20-Feb,1.09887161,9-Mar,8-Apr,6.0,5.0,6.0,5.0,28-Feb,29-Mar,-0.460737545,29-Mar,13-Apr,8.0,3.0,5.0,6.0,28-Feb,14-Mar,-0.24249648899999998
209,HDIUF,Hardwoods Distribution Inc,19.39999962,False,2009.0,,14-May,28-Jul,8.0,8.0,3.0,3.0,14-May,28-Jul,11.53595769,18-May,17-Jul,7.0,4.0,7.0,4.0,17-May,16-Jul,11.21504881,12-Oct,26-Nov,7.0,4.0,7.0,4.0,13-Oct,27-Nov,6.928087654,1-Apr,1-May,7.0,4.0,6.0,5.0,18-May,17-Jun,8.507935375,4-Apr,19-Apr,6.0,5.0,6.0,5.0,24-Jan,8-Feb,5.180959622
210,HRBR,Harbor Diversified Inc,0.187185004,False,2009.0,,23-May,6-Aug,5.0,5.0,6.0,6.0,23-May,6-Aug,12.83538967,26-May,25-Jul,4.0,7.0,4.0,7.0,26-May,25-Jul,7.577542687,27-Dec,10-Feb,6.0,5.0,6.0,5.0,27-Dec,10-Feb,19.26076107,21-Dec,20-Jan,6.0,5.0,6.0,5.0,21-Dec,20-Jan,15.52525759,26-Dec,10-Jan,5.0,6.0,5.0,6.0,26-Dec,10-Jan,13.89758823
211,HRBK,Harbor Bankshares Corp,1.5,False,2009.0,,30-Oct,13-Jan,6.0,6.0,5.0,5.0,30-Oct,13-Jan,6.732010105,4-Jan,4-Mar,6.0,5.0,6.0,5.0,4-Jan,4-Mar,19.4417542,17-Apr,1-Jun,4.0,7.0,4.0,7.0,17-Apr,1-Jun,11.254928900000001,3-Feb,4-Mar,5.0,6.0,5.0,6.0,3-Feb,4-Mar,11.40315259,13-Feb,28-Feb,4.0,7.0,4.0,7.0,13-Feb,28-Feb,7.461730566
212,HNFSB,Hanover Foods Corp,78.0,False,2010.0,,25-Feb,10-May,4.0,3.0,6.0,7.0,23-Feb,8-May,-0.116190318,30-Jun,29-Aug,5.0,5.0,4.0,6.0,9-Mar,8-May,0.463814942,9-Jul,23-Aug,5.0,5.0,4.0,6.0,10-May,24-Jun,1.653318529,27-Jul,26-Aug,4.0,6.0,4.0,6.0,21-Mar,20-Apr,0.9797744709999999,1-Nov,16-Nov,3.0,7.0,3.0,7.0,31-Aug,15-Sep,1.47989519
213,HNFSA,Hanover Foods Corp,78.0,False,2009.0,,5-Feb,20-Apr,5.0,5.0,6.0,6.0,17-Jan,1-Apr,-0.778015025,14-Mar,13-May,5.0,6.0,5.0,6.0,7-Sep,6-Nov,1.649520575,18-Mar,2-May,4.0,7.0,3.0,8.0,18-Mar,2-May,1.566624924,22-Mar,21-Apr,3.0,8.0,3.0,8.0,22-Mar,21-Apr,2.218740702,19-Oct,3-Nov,0.0,11.0,0.0,11.0,19-Oct,3-Nov,2.386826341
214,HVRRY,Hannover Rueck SE,86.63999939,False,2010.0,,19-Sep,3-Dec,6.0,6.0,4.0,4.0,19-Sep,3-Dec,9.44852222,20-Sep,19-Nov,6.0,4.0,6.0,4.0,21-Sep,20-Nov,8.329283872000001,7-Oct,21-Nov,7.0,3.0,7.0,3.0,2-Oct,16-Nov,7.502791515,15-Oct,14-Nov,8.0,2.0,8.0,2.0,15-Oct,14-Nov,5.361336735,7-Feb,22-Feb,4.0,6.0,4.0,6.0,7-Feb,22-Feb,3.2771605089999998
215,HHSE,Hannover House Inc,0.012,False,2009.0,,20-Jan,4-Apr,7.0,7.0,4.0,4.0,20-Jan,4-Apr,13.087504800000001,26-Jan,26-Mar,6.0,5.0,6.0,5.0,26-Jan,26-Mar,17.22680513,4-Feb,20-Mar,4.0,7.0,4.0,7.0,4-Feb,20-Mar,16.48882883,13-Jun,13-Jul,2.0,9.0,2.0,9.0,13-Jun,13-Jul,21.8754897,25-Jun,10-Jul,5.0,6.0,5.0,6.0,25-Jun,10-Jul,19.68224384
216,HANNF,Hannan Metals Ltd,0.272700012,False,2009.0,,8-Dec,21-Feb,7.0,7.0,4.0,4.0,8-Dec,21-Feb,33.65371445,23-Dec,21-Feb,7.0,4.0,7.0,4.0,23-Dec,21-Feb,29.47071753,7-Jan,21-Feb,6.0,5.0,6.0,5.0,7-Jan,21-Feb,27.22946802,22-Jan,21-Feb,4.0,7.0,4.0,7.0,22-Jan,21-Feb,25.41546003,21-May,5-Jun,2.0,9.0,2.0,9.0,21-May,5-Jun,10.24054062
217,HAFC,Hanmi Financial Corp,10.31999969,False,2009.0,,12-Nov,26-Jan,7.0,7.0,4.0,4.0,12-Nov,26-Jan,8.291057469,27-Nov,26-Jan,7.0,4.0,7.0,4.0,27-Nov,26-Jan,8.752149306,12-Dec,26-Jan,6.0,5.0,6.0,5.0,12-Dec,26-Jan,8.910735415,25-Mar,24-Apr,7.0,4.0,7.0,4.0,25-Mar,24-Apr,4.3688363180000005,26-Jun,11-Jul,5.0,6.0,5.0,6.0,26-Jun,11-Jul,5.144958465
218,PHJMF,Hanjaya Mandala Sampoerna Tbk,0.111000001,False,2010.0,,9-Nov,23-Jan,3.0,4.0,7.0,6.0,29-Oct,12-Jan,6.297349445,10-Nov,9-Jan,4.0,6.0,5.0,5.0,1-Nov,31-Dec,7.98980712,11-Nov,26-Dec,3.0,7.0,4.0,6.0,27-Jun,11-Aug,1.95255665,2-May,1-Jun,4.0,6.0,4.0,6.0,2-Jul,1-Aug,3.087699337,16-May,31-May,5.0,5.0,4.0,6.0,31-Mar,15-Apr,7.118474927
219,HNGR,Hanger Inc,21.69000053,False,2009.0,,12-Nov,26-Jan,8.0,8.0,3.0,3.0,12-Nov,26-Jan,11.98413708,29-Oct,28-Dec,7.0,4.0,7.0,4.0,29-Oct,28-Dec,11.67129635,8-Nov,23-Dec,8.0,3.0,8.0,3.0,8-Nov,23-Dec,10.40150442,24-Nov,24-Dec,6.0,5.0,6.0,5.0,24-Nov,24-Dec,9.980729745,19-Nov,4-Dec,5.0,6.0,5.0,6.0,19-Nov,4-Dec,6.4547420529999995
220,^HSI,Hang Seng Index,26544.28906,False,2009.0,,25-Sep,9-Dec,5.0,5.0,6.0,6.0,25-Sep,9-Dec,3.689428289,6-Oct,5-Dec,5.0,6.0,5.0,6.0,6-Oct,5-Dec,3.456914943,20-Mar,4-May,4.0,7.0,4.0,7.0,20-Mar,4-May,4.2821645660000005,29-Mar,28-Apr,7.0,4.0,7.0,4.0,29-Mar,28-Apr,3.4710448489999997,7-Feb,22-Feb,7.0,4.0,7.0,4.0,7-Feb,22-Feb,1.6871978319999998
221,^HSCE,Hang Seng China Enterprises Index,10640.0498,False,2009.0,,26-Sep,10-Dec,4.0,4.0,7.0,7.0,26-Sep,10-Dec,6.398882597,4-Oct,3-Dec,5.0,6.0,5.0,6.0,4-Oct,3-Dec,5.2896021310000005,6-Oct,20-Nov,3.0,8.0,3.0,8.0,6-Oct,20-Nov,4.401077051000001,10-Oct,9-Nov,5.0,6.0,5.0,6.0,10-Oct,9-Nov,4.45975663,1-Apr,16-Apr,7.0,4.0,7.0,4.0,1-Apr,16-Apr,2.949611809
222,HSNGY,Hang Seng Bank Ltd,16.81900024,False,2009.0,,22-Mar,5-Jun,5.0,5.0,6.0,6.0,2-Sep,16-Nov,1.156180936,17-Mar,16-May,7.0,4.0,7.0,4.0,16-Mar,15-May,5.103530516,30-Mar,14-May,6.0,5.0,6.0,5.0,30-Mar,14-May,4.441532929,2-Apr,2-May,6.0,5.0,6.0,5.0,2-Apr,2-May,3.6973668739999996,27-Mar,11-Apr,5.0,6.0,5.0,6.0,27-Mar,11-Apr,2.1284976159999998
223,HLPPY,Hang Lung Properties Ltd,13.22000027,False,2009.0,,3-Feb,18-Apr,5.0,5.0,6.0,6.0,3-Feb,18-Apr,6.562887165,12-Feb,12-Apr,5.0,6.0,5.0,6.0,12-Feb,12-Apr,5.780619521,2-Mar,16-Apr,5.0,6.0,5.0,6.0,2-Mar,16-Apr,6.913389872000001,17-Mar,16-Apr,6.0,5.0,6.0,5.0,17-Mar,16-Apr,6.0711185379999995,18-Mar,2-Apr,5.0,6.0,5.0,6.0,18-Mar,2-Apr,2.526693259
224,HNLGY,Hang Lung Group Ltd,12.61999989,False,2010.0,,28-Nov,11-Feb,6.0,6.0,4.0,4.0,28-Nov,11-Feb,0.446066577,13-Dec,11-Feb,6.0,4.0,6.0,4.0,11-Feb,11-Apr,1.5011126890000002,2-Apr,17-May,6.0,4.0,6.0,4.0,26-Mar,10-May,3.147508095,26-Dec,25-Jan,6.0,4.0,6.0,4.0,26-Dec,25-Jan,3.35325314,9-Jan,24-Jan,4.0,6.0,4.0,6.0,9-Jan,24-Jan,2.666421979
225,HNLGF,Hang Lung Group Ltd,2.410000086,False,2010.0,,22-Feb,7-May,5.0,5.0,5.0,5.0,11-Jul,24-Sep,3.443134006,26-Jul,24-Sep,5.0,5.0,5.0,5.0,26-Jul,24-Sep,3.2473446239999997,10-Aug,24-Sep,5.0,5.0,5.0,5.0,17-Aug,1-Oct,1.36997314,7-Apr,7-May,3.0,7.0,3.0,7.0,19-Aug,18-Sep,3.007335805,3-Sep,18-Sep,3.0,7.0,3.0,7.0,24-Oct,8-Nov,1.712363136
226,HBI,Hanesbrands Inc,13.40999985,False,2009.0,,12-May,26-Jul,7.0,6.0,4.0,5.0,6-Feb,21-Apr,6.355574738,29-May,28-Jul,7.0,4.0,7.0,4.0,29-May,28-Jul,8.257082785,7-Aug,21-Sep,6.0,5.0,6.0,5.0,7-Aug,21-Sep,4.054953001,24-Jun,24-Jul,7.0,4.0,7.0,4.0,24-Jun,24-Jul,5.347752391,4-Sep,19-Sep,6.0,5.0,6.0,5.0,4-Sep,19-Sep,3.4136856960000004
227,HWC,Hancock Whitney Corp,28.25,False,2009.0,,4-Sep,18-Nov,6.0,6.0,5.0,5.0,4-Sep,18-Nov,6.798885668,2-Oct,1-Dec,4.0,7.0,4.0,7.0,2-Oct,1-Dec,8.711257376,13-Oct,27-Nov,4.0,7.0,4.0,7.0,13-Oct,27-Nov,7.063245452,2-Nov,2-Dec,4.0,7.0,4.0,7.0,2-Nov,2-Dec,5.267035253,17-Nov,2-Dec,7.0,4.0,7.0,4.0,17-Nov,2-Dec,2.663618709
228,HMLN,Hamlin Bank and Trust Co,265.0,False,2009.0,,20-May,3-Aug,7.0,7.0,4.0,4.0,15-Feb,30-Apr,4.138059488000001,9-May,8-Jul,6.0,5.0,6.0,5.0,16-Feb,16-Apr,3.817389968,22-May,6-Jul,4.0,7.0,4.0,7.0,16-Feb,1-Apr,2.862811215,24-Feb,25-Mar,4.0,7.0,4.0,7.0,23-Feb,24-Mar,2.877810865,6-Jun,21-Jun,3.0,8.0,3.0,8.0,11-Mar,26-Mar,3.4979109260000003
229,HTLZF,Hamilton Thorne Ltd,1.059999943,False,2010.0,,27-Mar,10-Jun,6.0,6.0,4.0,4.0,27-Mar,10-Jun,17.16859108,14-Mar,13-May,5.0,5.0,5.0,5.0,14-Mar,13-May,16.04377433,28-Mar,12-May,4.0,6.0,4.0,6.0,28-Mar,12-May,16.86766609,14-Mar,13-Apr,6.0,4.0,6.0,4.0,14-Mar,13-Apr,7.967988429,22-Aug,6-Sep,5.0,5.0,5.0,5.0,22-Aug,6-Sep,0.560610764
230,HHULF,Hamburger Hafen und Logistik AG,21.04999924,False,2009.0,,28-May,11-Aug,4.0,4.0,7.0,7.0,13-Sep,27-Nov,5.2151924130000005,24-May,23-Jul,3.0,8.0,3.0,8.0,24-May,23-Jul,7.030616446,8-Jun,23-Jul,3.0,8.0,3.0,8.0,26-May,10-Jul,6.214189713,10-Jun,10-Jul,1.0,10.0,1.0,10.0,12-Sep,12-Oct,3.2724798760000002,11-Jun,26-Jun,0.0,11.0,0.0,11.0,25-Jun,10-Jul,4.933029696
231,HALO,Halozyme Therapeutics Inc,39.00999832,False,2009.0,,28-Oct,11-Jan,7.0,7.0,4.0,4.0,28-Oct,11-Jan,15.324797400000001,2-Nov,1-Jan,6.0,5.0,6.0,5.0,2-Nov,1-Jan,10.760515400000001,28-Oct,12-Dec,6.0,5.0,6.0,5.0,28-Oct,12-Dec,9.277818922,25-May,24-Jun,7.0,4.0,7.0,4.0,25-May,24-Jun,5.350185924,10-Sep,25-Sep,8.0,3.0,8.0,3.0,10-Sep,25-Sep,5.616439071
232,AGEEF,Halo Labs Inc,0.057999998,False,2010.0,,17-Dec,2-Mar,5.0,5.0,5.0,5.0,17-Dec,2-Mar,7.273773509,17-Dec,15-Feb,5.0,5.0,5.0,5.0,17-Dec,15-Feb,8.983703098,27-Dec,10-Feb,6.0,4.0,6.0,4.0,27-Dec,10-Feb,9.033519474,19-Dec,18-Jan,6.0,4.0,6.0,4.0,19-Dec,18-Jan,15.73817672,3-Jan,18-Jan,6.0,4.0,6.0,4.0,3-Jan,18-Jan,10.74104886
233,HALL,Hallmark Financial Services Inc,3.5199999810000002,False,2009.0,,7-Apr,21-Jun,1.0,1.0,10.0,10.0,7-Apr,21-Jun,7.568794421000001,22-Aug,21-Oct,1.0,10.0,1.0,10.0,22-Aug,21-Oct,6.48387954,31-May,15-Jul,1.0,10.0,1.0,10.0,31-May,15-Jul,8.266785635,31-May,30-Jun,1.0,10.0,1.0,10.0,31-May,30-Jun,7.682521855,4-Jun,19-Jun,3.0,8.0,3.0,8.0,4-Jun,19-Jun,5.073496305
234,HAL,Halliburton Co,15.39000034,False,2009.0,,7-Dec,20-Feb,8.0,8.0,3.0,3.0,7-Dec,20-Feb,5.933915757,8-Mar,7-May,6.0,5.0,6.0,5.0,8-Mar,7-May,6.790221695,19-Mar,3-May,7.0,4.0,7.0,4.0,19-Mar,3-May,10.32335071,28-Mar,27-Apr,8.0,3.0,8.0,3.0,28-Mar,27-Apr,9.539171296000001,9-Apr,24-Apr,5.0,6.0,5.0,6.0,9-Apr,24-Apr,4.203775405
235,HNRG,Hallador Energy Co,0.875699997,False,2009.0,,14-Sep,28-Nov,6.0,6.0,5.0,5.0,21-Aug,4-Nov,4.227502278999999,1-Oct,30-Nov,6.0,5.0,6.0,5.0,4-May,3-Jul,1.914490485,6-May,20-Jun,6.0,5.0,6.0,5.0,6-May,20-Jun,6.224224251,5-Oct,4-Nov,6.0,5.0,6.0,5.0,5-Oct,4-Nov,4.25541507,20-Oct,4-Nov,5.0,6.0,5.0,6.0,8-Sep,23-Sep,3.902013911
236,HMCTF,Hainan Meilan International Airport Co Ltd,4.1300001139999996,False,2010.0,,22-Mar,5-Jun,5.0,5.0,5.0,5.0,27-Jan,11-Apr,5.843418021000001,29-Jan,29-Mar,6.0,4.0,6.0,4.0,29-Jan,29-Mar,4.152666688,13-Feb,29-Mar,6.0,4.0,6.0,4.0,13-Feb,29-Mar,3.271816195,23-Sep,23-Oct,6.0,4.0,6.0,4.0,17-Jun,17-Jul,6.337030555,6-Oct,21-Oct,6.0,4.0,6.0,4.0,16-Jul,31-Jul,4.0878732069999995
237,HRELY,Haier Electronics Group Co Ltd,49.75,False,2010.0,,27-Oct,10-Jan,7.0,7.0,3.0,3.0,27-Oct,10-Jan,12.17800652,30-Oct,29-Dec,7.0,3.0,7.0,3.0,30-Oct,29-Dec,10.21709171,21-Oct,5-Dec,7.0,3.0,7.0,3.0,21-Oct,5-Dec,7.019969347000001,22-Oct,21-Nov,7.0,3.0,7.0,3.0,22-Oct,21-Nov,5.586402252999999,30-Oct,14-Nov,5.0,5.0,5.0,5.0,30-Oct,14-Nov,4.390855607
238,HRELF,Haier Electronics Group Co Ltd,4.769999981000001,False,2009.0,,24-Sep,8-Dec,6.0,6.0,5.0,5.0,24-Sep,8-Dec,17.3945956,16-Oct,15-Dec,6.0,5.0,6.0,5.0,16-Oct,15-Dec,13.90730102,24-Oct,8-Dec,7.0,4.0,7.0,4.0,29-Sep,13-Nov,13.12645911,24-Sep,24-Oct,7.0,4.0,7.0,4.0,24-Sep,24-Oct,5.807038061,26-Oct,10-Nov,6.0,5.0,6.0,5.0,26-Oct,10-Nov,6.735810356
239,HAE,Haemonetics Corp,109.8799973,False,2009.0,,20-Oct,3-Jan,7.0,7.0,4.0,4.0,20-Oct,3-Jan,5.902708164,5-Nov,4-Jan,4.0,7.0,4.0,7.0,5-Nov,4-Jan,4.925555404,17-Apr,1-Jun,5.0,6.0,5.0,6.0,17-Apr,1-Jun,4.476050635,28-Jun,28-Jul,4.0,7.0,4.0,7.0,28-Jun,28-Jul,2.8612680010000004,19-Mar,3-Apr,7.0,4.0,7.0,4.0,19-Mar,3-Apr,0.959209412
240,HAIPF,Hadera Paper Ltd,30.0,False,2009.0,,17-Feb,2-May,7.0,7.0,4.0,4.0,17-Feb,2-May,7.389180089,16-Mar,15-May,6.0,5.0,6.0,5.0,16-Mar,15-May,9.167461572999999,7-Mar,21-Apr,6.0,5.0,6.0,5.0,7-Mar,21-Apr,6.585457849,16-Mar,15-Apr,8.0,3.0,8.0,3.0,16-Mar,15-Apr,7.837954873999999,17-Mar,1-Apr,7.0,4.0,7.0,4.0,17-Mar,1-Apr,6.555672182
241,HSITF,Hadasit Bio Holdings Ltd,1.9500000480000002,False,2010.0,,4-Mar,18-May,6.0,5.0,4.0,5.0,4-Mar,18-May,12.94308943,10-Dec,8-Feb,5.0,5.0,4.0,6.0,8-Dec,6-Feb,5.682699092999999,31-Dec,14-Feb,6.0,4.0,5.0,5.0,28-Mar,12-May,10.56126303,9-Dec,8-Jan,4.0,6.0,4.0,6.0,9-Dec,8-Jan,4.508528073,3-May,18-May,2.0,8.0,2.0,8.0,3-May,18-May,8.957380742
242,HACBY,Hachijuni Bank Ltd,37.68000031,False,2009.0,,24-May,7-Aug,7.0,7.0,4.0,4.0,24-May,7-Aug,3.4428100789999996,5-Jun,4-Aug,7.0,4.0,7.0,4.0,5-Jun,4-Aug,3.984865034,21-Jun,5-Aug,6.0,5.0,6.0,5.0,21-Jun,5-Aug,2.8961160319999997,31-Aug,30-Sep,6.0,5.0,6.0,5.0,22-Jun,22-Jul,2.8449264260000002,16-Sep,1-Oct,8.0,3.0,8.0,3.0,16-Sep,1-Oct,2.980958962
243,HEOFF,H2O Innovation Inc,1.49000001,False,2009.0,,20-May,3-Aug,5.0,5.0,6.0,6.0,20-May,3-Aug,11.18512649,28-May,27-Jul,7.0,4.0,7.0,4.0,28-May,27-Jul,9.966603011,29-Mar,13-May,7.0,4.0,7.0,4.0,29-Mar,13-May,8.339464886,27-Jun,27-Jul,4.0,7.0,4.0,7.0,27-Jun,27-Jul,7.383109001,29-Apr,14-May,6.0,5.0,6.0,5.0,29-Apr,14-May,5.659577404
244,FUL,H.B. Fuller Co,52.02999878,False,2009.0,,25-Sep,9-Dec,7.0,7.0,4.0,4.0,14-Oct,28-Dec,5.548435399,2-Oct,1-Dec,7.0,4.0,7.0,4.0,2-Oct,1-Dec,6.85124407,11-Oct,25-Nov,5.0,6.0,5.0,6.0,11-Oct,25-Nov,5.403293216000001,31-Oct,30-Nov,6.0,5.0,6.0,5.0,31-Oct,30-Nov,5.330863684,13-Apr,28-Apr,6.0,5.0,6.0,5.0,13-Apr,28-Apr,2.793419202
245,HLUKF,H. Lundbeck A/S,30.25,False,2010.0,,13-Mar,27-May,8.0,8.0,2.0,2.0,18-Jan,2-Apr,4.715488473,18-Mar,17-May,8.0,2.0,8.0,2.0,13-Feb,13-Apr,5.727751761,15-Mar,29-Apr,9.0,1.0,9.0,1.0,3-Jan,17-Feb,4.115098947,14-Mar,13-Apr,9.0,1.0,9.0,1.0,14-Mar,13-Apr,5.478617754,25-Mar,9-Apr,7.0,3.0,7.0,3.0,22-Feb,8-Mar,3.5113261710000003
246,HRUFF,H&R Real Estate Investment Trust,10.57999992,False,2010.0,,18-Mar,1-Jun,6.0,5.0,4.0,5.0,18-Mar,1-Jun,2.972510389,27-Mar,26-May,5.0,5.0,4.0,6.0,28-Mar,27-May,3.287923047,19-Mar,3-May,5.0,5.0,5.0,5.0,19-Mar,3-May,5.099064712,23-Mar,22-Apr,7.0,3.0,7.0,3.0,23-Mar,22-Apr,4.440019158,2-Apr,17-Apr,4.0,6.0,4.0,6.0,2-Apr,17-Apr,2.8594859589999997
247,HRB,H&R Block Inc,18.43000031,False,2009.0,,6-Sep,20-Nov,6.0,5.0,5.0,6.0,25-Sep,9-Dec,6.947657632,26-Sep,25-Nov,6.0,5.0,6.0,5.0,26-Sep,25-Nov,5.575675897999999,15-Oct,29-Nov,6.0,5.0,6.0,5.0,15-Oct,29-Nov,4.30741815,7-May,6-Jun,7.0,4.0,7.0,4.0,7-May,6-Jun,3.910660954,13-May,28-May,7.0,4.0,7.0,4.0,13-May,28-May,2.089856929
248,HEES,H&E Equipment Services Inc,27.07999992,False,2009.0,,1-Oct,15-Dec,8.0,8.0,3.0,3.0,9-Jan,24-Mar,-4.900130288,1-Oct,30-Nov,7.0,4.0,7.0,4.0,1-Oct,30-Nov,8.786466543,23-Aug,7-Oct,5.0,6.0,5.0,6.0,13-Oct,27-Nov,10.024759300000001,20-Aug,19-Sep,7.0,4.0,7.0,4.0,20-Aug,19-Sep,8.510407258999999,25-Aug,9-Sep,6.0,5.0,6.0,5.0,25-Aug,9-Sep,5.375254366
